recipe_id,recipe_name,receipe_alt_name,instructions,section id,section_name,ingrediant_row_id,ingrediant_id,ingrediant_name,ingrediant_qty,measure_unit,pack_type,pack_qty,to_order_unit_qty
29,עוף קונג פאו,,tbd,1,מנה,430,151,MSG,1,גרם,גרם,10,0.1
9,"ביצה עלומה, האש בראון ובייקון בקרמל",,tbd,2,האש בראון,107,1,אבקת אפייה,2.5,גרם,אריזה,10,0.25
20,שרימפס פריך ברוטב גריביש,,tbd,2,ציפוי,260,1,אבקת אפייה,3,גרם,אריזה,10,0.3
15,טארט בורדלו,Tarte Bourdaloue,tbd,2,בצק,191,2,אבקת סוכר,40,גרם,אריזה,100,0.4
16,טארט לימון,,tbd,2,בצק,209,2,אבקת סוכר,40,גרם,אריזה,100,0.4
15,טארט בורדלו,Tarte Bourdaloue,tbd,3,מלית,196,2,אבקת סוכר,100,גרם,אריזה,100,1
33,מוס שוקולד,,tbd,2,מרנג,472,2,אבקת סוכר,200,גרם,אריזה,100,2
47,ואשראן,,tbd,1,מרנג,663,2,אבקת סוכר,180,גרם,אריזה,100,1.8
15,טארט בורדלו,Tarte Bourdaloue,tbd,3,מלית,197,3,אבקת שקדים,100,גרם,אריזה,100,1
8,ביצים בנוסח פלורנטין,,tbd,2,בורנאי: בשמל + פרמז׳ן,96,4,אגוז מוסקט,1,קורט,אריזה,50,0.02
14,קיש לוריין,Quiche Lorraine,tbd,3,מלית,187,4,אגוז מוסקט,1,קורט,אריזה,50,0.02
34,טורטליני דלעת צלויה בחמאת מרווה,,tbd,2,מלית,488,4,אגוז מוסקט,1,גרם,אריזה,50,0.02
39,ניוקי פריזאי עם ירקות ירוקים,,tbd,1,מתכון,540,4,אגוז מוסקט,1,גרם,אריזה,50,0.02
12,סלט ירוק עם ויניגרט עשבים,,tbd,1,מתכון,144,5,אגוזי פקאן קלויים,50,גרם,אריזה,100,0.5
12,סלט ירוק עם ויניגרט עשבים,,tbd,1,מתכון,143,6,אגס,2,יחידה,יחידה,1,2
15,טארט בורדלו,Tarte Bourdaloue,tbd,4,אגסים בסירופ,201,6,אגס,3,יחידה,יחידה,1,3
45,"טארט עגבניות, זיתים ודג כבוש",,tbd,3,סלט,626,165,אורוגולה,8,עלה,אריזה,200,0.04
13,סלט מג׳דרה,,tbd,2,אורז,160,7,אורז בסמטי,100,גרם,אריזה,1000,0.1
30,אורז יסמין,,"מרתיחים מים בסיר
מכניסים אורז, מערבבים, מכסים.
מבשלים על אש קטנה מאוד ל20 דקות.
מורידים מהאש, מערבבים ומכסים ונותנים לנוח כמה דקות.",1,מתכון,431,152,אורז יסמין,200,גרם,אריזה,1000,0.2
31,ריזוטו לבן עם פטריות,,tbd,1,ריזוטו,435,153,אורז ריזוטו,100,גרם,אריזה,1000,0.1
32,ריזוטו אדום עם קלמרי,,tbd,1,מתכון,454,156,אורז ריזוטו,100,גרם,אריזה,1000,0.1
21,ספרינג רול ויאטנמי,,tbd,2,מלית,278,8,אטריות שעועית,50,גרם,אריזה,250,0.2
15,טארט בורדלו,Tarte Bourdaloue,tbd,3,מלית,199,9,אמרטו,10,גרם,בקבוק,750,0.01333333333
26,"אנטריקוט צלוי, רוטב פלפל ותפוחי אדמה",,tbd,1,מתכון,362,10,אנטריקוט,250,גרם,במשקל,250,1
11,סלט ניסואז,Salade Nicoise,tbd,1,מתכון,132,11,אנשובי,2,יחידה,אריזה,60,0.03333333333
24,פילה בקר בחוט,,tbd,1,מתכון,338,12,אספרגוס,2,יחידה,יחידה,1,2
36,פטוצ׳יני חציר וקש,,tbd,1,מתכון,519,166,אפונה,100,גרם,אריזה,200,0.5
32,ריזוטו אדום עם קלמרי,,tbd,1,מתכון,462,162,אפונה מבושלת,40,גרם,אריזה,200,0.2
39,ניוקי פריזאי עם ירקות ירוקים,,tbd,2,הגשה,545,167,אפונת שלג,7,יחידה,אריזה,200,0.035
22,סלט שרימפס ופומלה,,tbd,2,סלט,305,13,בוטנים טבעיים,4,כף,אריזה,100,0.04
28,עוף בקארי מאסמן,,tbd,1,מתכון,400,142,בוטנים קלויים,2,גרם,אריזה,100,0.02
28,עוף בקארי מאסמן,,tbd,2,הגשה,411,144,בוטנים קלויים,5,גרם,אריזה,100,0.05
29,עוף קונג פאו,,tbd,1,מנה,426,159,בוטנים קלויים,70,גרם,אריזה,100,0.7
1,סלט בורגול ועשבים,טבולה,tbd,1,מתכון,1,14,בורגול דק,30,גרם,אריזה,500,0.06
2,רטטוי,Ratatouille,tbd,1,מתכון,28,15,בזיליקום,1,גבעול,צרור,20,0.05
8,ביצים בנוסח פלורנטין,,tbd,2,בורנאי: בשמל + פרמז׳ן,100,15,בזיליקום,1,גבעול,צרור,20,0.05
21,ספרינג רול ויאטנמי,,tbd,4,הגשה,294,16,בזיליקום תאילנדי,10,גבעול,צרור,20,0.5
40,ביף בורגיניון,,tbd,4,תוספות,572,17,בייקון,40,גרם,במשקל,100,0.4
36,פטוצ׳יני חציר וקש,,tbd,1,מתכון,520,17,בייקון,70,גרם,במשקל,100,0.7
14,קיש לוריין,Quiche Lorraine,tbd,3,מלית,180,17,בייקון,100,גרם,במשקל,100,1
9,"ביצה עלומה, האש בראון ובייקון בקרמל",,tbd,4,בייקון בקרמל,116,17,בייקון,200,גרם,במשקל,200,1
9,"ביצה עלומה, האש בראון ובייקון בקרמל",,tbd,2,האש בראון,105,18,ביצה,1,יחידה,מגש,12,0.08333333333
11,סלט ניסואז,Salade Nicoise,tbd,1,מתכון,128,18,ביצה,1,יחידה,מגש,12,0.08333333333
15,טארט בורדלו,Tarte Bourdaloue,למתכון 35 גרם ביצה,2,בצק,192,18,ביצה,1,יחידה,מגש,12,0.08333333333
15,טארט בורדלו,Tarte Bourdaloue,למתכון - 60 גרם ביצה,3,מלית,200,18,ביצה,1,יחידה,מגש,12,0.08333333333
16,טארט לימון,,למתכון 35 גרם ביצה,2,בצק,210,18,ביצה,1,יחידה,מגש,12,0.08333333333
16,טארט לימון,,במתכון - 1 חלמון (בנוסף לביצים אם יש),3,מלית,215,18,ביצה,1,יחידה,מגש,12,0.08333333333
20,שרימפס פריך ברוטב גריביש,,במתכון - 1 חלמון (בנוסף לביצים אם יש),3,מיונז,262,18,ביצה,1,יחידה,מגש,12,0.08333333333
34,טורטליני דלעת צלויה בחמאת מרווה,,במתכון חלמון אחד,2,מלית,485,18,ביצה,1,יחידה,מגש,12,0.08333333333
35,כרבולות תרנגול בתפו״א ומנטה,,tbd,3,מלית,507,18,ביצה,1,יחידה,מגש,12,0.08333333333
46,ביף וולינגטון,,tbd,1,מתכון,632,18,ביצה,1,יחידה,מגש,12,0.08333333333
8,ביצים בנוסח פלורנטין,,tbd,1,מתכון,87,18,ביצה,2,יחידה,מגש,12,0.1666666667
10,קרם קרמל,,tbd,1,מתכון,123,18,ביצה,2,יחידה,מגש,12,0.1666666667
14,קיש לוריין,Quiche Lorraine,tbd,3,מלית,183,18,ביצה,2,יחידה,מגש,12,0.1666666667
16,טארט לימון,,tbd,3,מלית,216,18,ביצה,2,יחידה,מגש,12,0.1666666667
33,מוס שוקולד,,במתכון - 2 חלמונים (בנוסף לביצים אם יש),1,מתכון,468,18,ביצה,2,יחידה,מגש,12,0.1666666667
34,טורטליני דלעת צלויה בחמאת מרווה,,tbd,1,בצק פסטה,477,18,ביצה,2,יחידה,מגש,12,0.1666666667
35,כרבולות תרנגול בתפו״א ומנטה,,tbd,2,בצק פסטה ירוק,501,18,ביצה,2,יחידה,מגש,12,0.1666666667
37,בצק רבוך,,tbd,1,מתכון,529,18,ביצה,2,יחידה,מגש,12,0.1666666667
39,ניוקי פריזאי עם ירקות ירוקים,,במתכון ביצה + חלמון,1,מתכון,543,18,ביצה,2,יחידה,מגש,12,0.1666666667
46,ביף וולינגטון,,במתכון ביצה + חלמון,3,קרפ,642,18,ביצה,2,יחידה,מגש,12,0.1666666667
24,פילה בקר בחוט,,במתכון - 3 חלמונים (בנוסף לביצים אם יש),2,רוטב ברנייז Bearnaise,340,18,ביצה,3,יחידה,מגש,12,0.25
38,פחזניות עם קרם דיפלומט,,במתכון 3 חלמונים,2,קרם דיפלומט,534,18,ביצה,3,יחידה,מגש,12,0.25
10,קרם קרמל,,במתכון - 4 חלמונים (בנוסף לביצים אם יש),1,מתכון,122,18,ביצה,4,יחידה,מגש,12,0.3333333333
33,מוס שוקולד,,במתכון - 240 גרם חלבון (בנוסף לביצים אם יש),1,מתכון,466,18,ביצה,4,יחידה,מגש,12,0.3333333333
33,מוס שוקולד,,במתכון - 200 גרם חלבון (בנוסף לביצים אם יש),2,מרנג,470,18,ביצה,4,יחידה,מגש,12,0.3333333333
9,"ביצה עלומה, האש בראון ובייקון בקרמל",,tbd,1,מתכון,101,18,ביצה,6,יחידה,מגש,12,0.5
7,ביצים מקושקשות,Oeufs Bruilles,tbd,1,מתכון,81,18,ביצה,12,יחידה,מגש,12,1
17,קרם ברולה,Creme Brulee,במתכון - 240 גרם חלמון (בנוסף לביצים אם יש),1,מתכון,221,18,ביצה,12,יחידה,מגש,12,1
41,סופלה פרלינה עם רוטב קרמל מלוח,,במתכון 6 ביצים + 6 חלמונים,1,מתכון,580,18,ביצה,12,יחידה,מגש,12,1
20,שרימפס פריך ברוטב גריביש,,tbd,4,גריביש,268,19,ביצה קשה,1,יחידה,מגש,12,0.08333333333
22,סלט שרימפס ופומלה,,tbd,2,סלט,303,20,ביצת שליו,12,יחידה,מגש,20,0.6
26,"אנטריקוט צלוי, רוטב פלפל ותפוחי אדמה",,tbd,2,רוטב,369,21,בצל,0.25,יחידה,יחידה,1,0.25
18,פילה דניס עם ירקות בסגנון בויאבז,,tbd,1,רוטב,229,21,בצל,0.5,יחידה,יחידה,1,0.5
45,"טארט עגבניות, זיתים ודג כבוש",,tbd,2,אסקבש escabeche,615,21,בצל,0.5,יחידה,יחידה,1,0.5
1,סלט בורגול ועשבים,טבולה,tbd,1,מתכון,4,21,בצל,1,יחידה,יחידה,1,1
2,רטטוי,Ratatouille,tbd,1,מתכון,17,21,בצל,1,יחידה,יחידה,1,1
4,מרק קרם שורשים,,tbd,1,מתכון,44,21,בצל,1,יחידה,יחידה,1,1
6,ריבולטה,Ribollita,tbd,1,מתכון,70,21,בצל,1,יחידה,יחידה,1,1
9,"ביצה עלומה, האש בראון ובייקון בקרמל",,tbd,2,האש בראון,104,21,בצל,1,יחידה,יחידה,1,1
19,ציר דגים 2.5 ליטר,Fumet de Possions,tbd,1,מתכון,243,21,בצל,1,יחידה,יחידה,1,1
40,ביף בורגיניון,,tbd,2,רוטב,555,21,בצל,1,יחידה,יחידה,1,1
3,ציר עוף 5.5 ליטר,Fond Blanc de Vollaille,tbd,1,מתכון,31,21,בצל,2,יחידה,יחידה,1,2
13,סלט מג׳דרה,,tbd,1,מתכון,156,21,בצל,2,יחידה,יחידה,1,2
25,ציר בקר 6 ליטר,,tbd,1,מתכון,351,21,בצל,2,יחידה,יחידה,1,2
23,פוט או פה (סיר על האש),Pot au Feu,tbd,1,מתכון,320,21,בצל,3,יחידה,יחידה,1,3
24,פילה בקר בחוט,,tbd,1,מתכון,339,22,בצל ירוק,3,גבעול,צרור,10,0.3
29,עוף קונג פאו,,tbd,1,מנה,424,22,בצל ירוק,4,גבעול,צרור,10,0.4
44,טארט תפוחים,,tbd,1,מתכון,602,168,בצק עלים,200,גרם,במשקל,1000,0.2
43,טארט טאטן קלאסי,,tbd,1,מתכון,597,168,בצק עלים,250,גרם,במשקל,1000,0.25
46,ביף וולינגטון,,tbd,1,מתכון,631,168,בצק עלים,500,גרם,במשקל,1000,0.5
50,פסטה גרידת לימון,,פסטה - לפי מתכון בצק לפסטה,1,מתכון,700,,בצק פסטה,400,גרם,,,
36,פטוצ׳יני חציר וקש,,tbd,1,מתכון,516,169,בצק פסטה ירוק,20,גרם,במשקל,1000,0.02
36,פטוצ׳יני חציר וקש,,tbd,1,מתכון,517,170,בצק פסטה לבן,20,גרם,במשקל,1000,0.02
38,פחזניות עם קרם דיפלומט,,tbd,1,מתכון,531,171,בצק רבוך,340,גרם,במשקל,1000,0.34
40,ביף בורגיניון,,tbd,2,רוטב,553,172,ברנדי,2,כף,בקבוק,750,0.002666666667
48,טרין כבד אווז ועוף עם צ׳אטני תפוחים,,tbd,2,צ׳אטני,682,148,ג׳ינג׳ר,0.5,כפית,יחידה,1,0.5
29,עוף קונג פאו,,במתכון 10 פרוסות,1,מנה,425,148,ג׳ינג׳ר,1,יחידה,יחידה,1,1
27,פנה קוטה עם פירות אדומים,,tbd,1,פנה קוטה,389,23,ג׳לטין,2,גרם,אריזה,100,0.02
26,"אנטריקוט צלוי, רוטב פלפל ותפוחי אדמה",,tbd,2,רוטב,370,24,גזר,0.25,יחידה,יחידה,1,0.25
18,פילה דניס עם ירקות בסגנון בויאבז,,tbd,1,רוטב,228,24,גזר,0.5,יחידה,יחידה,1,0.5
6,ריבולטה,Ribollita,tbd,1,מתכון,71,24,גזר,1,יחידה,יחידה,1,1
21,ספרינג רול ויאטנמי,,למתכון - 30 גרם גזר,2,מלית,279,24,גזר,1,יחידה,יחידה,1,1
40,ביף בורגיניון,,tbd,2,רוטב,554,24,גזר,1,יחידה,יחידה,1,1
40,ביף בורגיניון,,tbd,4,תוספות,571,24,גזר,1,יחידה,יחידה,1,1
46,ביף וולינגטון,,במתכון 50 גרם גזר+סלרי+שום,4,רוטב,650,24,גזר,1,יחידה,יחידה,1,1
3,ציר עוף 5.5 ליטר,Fond Blanc de Vollaille,tbd,1,מתכון,33,24,גזר,2,יחידה,יחידה,1,2
24,פילה בקר בחוט,,tbd,1,מתכון,336,24,גזר,2,יחידה,יחידה,1,2
25,ציר בקר 6 ליטר,,tbd,1,מתכון,350,24,גזר,3,יחידה,יחידה,1,3
23,פוט או פה (סיר על האש),Pot au Feu,tbd,1,מתכון,324,24,גזר,5,יחידה,יחידה,1,5
46,ביף וולינגטון,,tbd,4,רוטב,648,173,גידים מניקוי הבשר,20,גרם,במשקל,1000,0.02
5,"מרק קוקוס, גלנגל ועוף",Tom Ka Gai,tbd,1,מתכון,61,25,גלנגל,1,יחידה,אריזה,40,0.025
13,סלט מג׳דרה,,tbd,1,מתכון,157,26,גפרורי שקדים,2,גרם,אריזה,100,0.02
33,מוס שוקולד,,במתכון - גפרורי שקדים קלויים,2,מרנג,474,26,גפרורי שקדים,10,גרם,אריזה,100,0.1
26,"אנטריקוט צלוי, רוטב פלפל ותפוחי אדמה",,tbd,2,רוטב,378,27,גרגירי פלפל ירוק כבוש,0.5,כפית,צנצנת,50,0.01
15,טארט בורדלו,Tarte Bourdaloue,tbd,2,בצק,194,28,גרידת לימון,0.5,כפית,יחידה,1,0.5
16,טארט לימון,,tbd,2,בצק,212,28,גרידת לימון,0.5,כפית,יחידה,1,0.5
34,טורטליני דלעת צלויה בחמאת מרווה,,tbd,3,רוטב,495,174,גרעיני דלעת קלויים,10,גרם,אריזה,100,0.1
49,חזה אווז וכבד עם כרוב סגול,,tbd,2,כרוב,697,175,גרעיני ערער,5,גרגרים,יחידה,1,5
12,סלט ירוק עם ויניגרט עשבים,,tbd,2,רוטב,148,29,דבש,2,כף,צנצנת,400,0.005
18,פילה דניס עם ירקות בסגנון בויאבז,,tbd,1,רוטב,224,30,דג דניס שלם,1,יחידה,יחידה,1,1
34,טורטליני דלעת צלויה בחמאת מרווה,,tbd,2,מלית,482,176,דלורית,100,גרם,אריזה,100,1
2,רטטוי,Ratatouille,tbd,1,מתכון,18,31,זוקיני,1,יחידה,יחידה,1,1
18,פילה דניס עם ירקות בסגנון בויאבז,,tbd,2,ירקות,237,31,זוקיני,1,יחידה,יחידה,1,1
45,"טארט עגבניות, זיתים ודג כבוש",,tbd,3,סלט,628,31,זוקיני,1,יחידה,יחידה,1,1
11,סלט ניסואז,Salade Nicoise,tbd,1,מתכון,130,32,זית ניסואז,5,יחידה,צנצנת,200,0.025
18,פילה דניס עם ירקות בסגנון בויאבז,,tbd,2,ירקות,241,33,זית שחור,5,יחידה,צנצנת,200,0.025
45,"טארט עגבניות, זיתים ודג כבוש",,tbd,3,סלט,624,33,זית שחור,5,יחידה,צנצנת,200,0.025
18,פילה דניס עם ירקות בסגנון בויאבז,,tbd,1,רוטב,232,34,זעפרן,1,קורט,אריזה,50,0.02
13,סלט מג׳דרה,,tbd,1,מתכון,159,35,זרעי כמון,1,כפית,אריזה,40,0.025
20,שרימפס פריך ברוטב גריביש,,tbd,3,מיונז,264,36,חומץ,1,כף,בקבוק,750,0.001333333333
42,בצק עלים,,tbd,1,דטרומפ,589,36,חומץ,1,כף,בקבוק,750,0.001333333333
8,ביצים בנוסח פלורנטין,,tbd,1,מתכון,88,36,חומץ,50,גרם,בקבוק,750,0.06666666667
9,"ביצה עלומה, האש בראון ובייקון בקרמל",,tbd,1,מתכון,102,36,חומץ,80,גרם,בקבוק,750,0.1066666667
9,"ביצה עלומה, האש בראון ובייקון בקרמל",,tbd,5,הגשה,118,39,חומץ בלסמי,1,כף,בקבוק,500,0.002
11,סלט ניסואז,Salade Nicoise,tbd,1,מתכון,135,37,חומץ בן יין לבן,2,כף,בקבוק,500,0.004
24,פילה בקר בחוט,,tbd,2,רוטב ברנייז Bearnaise,343,37,חומץ בן יין לבן,40,גרם,בקבוק,500,0.08
45,"טארט עגבניות, זיתים ודג כבוש",,tbd,2,אסקבש escabeche,622,37,חומץ בן יין לבן,100,גרם,בקבוק,500,0.2
29,עוף קונג פאו,,tbd,1,רוטב,419,147,חומץ שחור,2,כף,בקבוק,100,0.02
12,סלט ירוק עם ויניגרט עשבים,,tbd,2,רוטב,147,38,חומץ שרי,4,כף,בקבוק,500,0.008
48,טרין כבד אווז ועוף עם צ׳אטני תפוחים,,tbd,2,צ׳אטני,681,177,חומץ תפוחים,50,גרם,בקבוק,500,0.1
49,חזה אווז וכבד עם כרוב סגול,,tbd,1,מתכון,688,178,חזה אווז,1,יחידה,יחידה,1,1
5,"מרק קוקוס, גלנגל ועוף",Tom Ka Gai,tbd,1,מתכון,56,40,חזה עוף,70,גרם,במשקל,70,1
48,טרין כבד אווז ועוף עם צ׳אטני תפוחים,,tbd,1,מתכון,675,40,חזה עוף,200,גרם,במשקל,500,0.4
29,עוף קונג פאו,,tbd,1,מתכון,413,40,חזה עוף,500,גרם,במשקל,500,1
21,ספרינג רול ויאטנמי,,tbd,2,מלית,275,41,חזה עוף טחון,300,גרם,במשקל,300,1
4,מרק קרם שורשים,,tbd,1,מתכון,51,42,חלב,0.4,ליטר,בקבוק,1,0.4
10,קרם קרמל,,tbd,1,מתכון,121,42,חלב,0.5,ליטר,בקבוק,1,0.5
37,בצק רבוך,,tbd,1,מתכון,524,42,חלב,60,גרם,בקבוק,1000,0.06
40,ביף בורגיניון,,tbd,3,פירה,567,42,חלב,100,גרם,בקבוק,1000,0.1
46,ביף וולינגטון,,tbd,3,קרפ,641,42,חלב,150,גרם,בקבוק,1000,0.15
8,ביצים בנוסח פלורנטין,,tbd,2,בורנאי: בשמל + פרמז׳ן,93,42,חלב,250,גרם,בקבוק,1000,0.25
17,קרם ברולה,Creme Brulee,tbd,1,מתכון,220,42,חלב,250,גרם,בקבוק,1000,0.25
38,פחזניות עם קרם דיפלומט,,tbd,2,קרם דיפלומט,532,42,חלב,250,גרם,בקבוק,1000,0.25
41,סופלה פרלינה עם רוטב קרמל מלוח,,tbd,1,מתכון,577,42,חלב,300,גרם,בקבוק,1000,0.3
47,ואשראן,,tbd,1,מרנג,661,42,חלבון,200,גרם,בקבוק,1000,0.2
39,ניוקי פריזאי עם ירקות ירוקים,,tbd,2,הגשה,550,45,חמאה,1,גרם,אריזה,200,0.005
14,קיש לוריין,Quiche Lorraine,tbd,3,מלית,182,45,חמאה,10,גרם,אריזה,200,0.05
26,"אנטריקוט צלוי, רוטב פלפל ותפוחי אדמה",,tbd,1,מתכון,366,45,חמאה,10,גרם,אריזה,200,0.05
26,"אנטריקוט צלוי, רוטב פלפל ותפוחי אדמה",,tbd,3,תפוח אדמה בפרסיאד,382,45,חמאה,10,גרם,אריזה,200,0.05
31,ריזוטו לבן עם פטריות,,tbd,2,פטריות,448,45,חמאה,10,גרם,אריזה,200,0.05
40,ביף בורגיניון,,tbd,4,תוספות,574,45,חמאה,10,גרם,אריזה,200,0.05
46,ביף וולינגטון,,tbd,3,קרפ,643,45,חמאה,10,גרם,אריזה,200,0.05
8,ביצים בנוסח פלורנטין,,tbd,2,בורנאי: בשמל + פרמז׳ן,94,45,חמאה,15,גרם,אריזה,200,0.075
8,ביצים בנוסח פלורנטין,,tbd,1,מתכון,90,45,חמאה,20,גרם,אריזה,200,0.1
26,"אנטריקוט צלוי, רוטב פלפל ותפוחי אדמה",,tbd,2,רוטב,379,45,חמאה,20,גרם,אריזה,200,0.1
31,ריזוטו לבן עם פטריות,,tbd,1,ריזוטו,438,45,חמאה,20,גרם,אריזה,200,0.1
35,כרבולות תרנגול בתפו״א ומנטה,,tbd,3,מלית,506,45,חמאה,20,גרם,אריזה,200,0.1
39,ניוקי פריזאי עם ירקות ירוקים,,tbd,1,מתכון,541,45,חמאה,20,גרם,אריזה,200,0.1
41,סופלה פרלינה עם רוטב קרמל מלוח,,tbd,1,מתכון,581,45,חמאה,20,גרם,אריזה,200,0.1
46,ביף וולינגטון,,tbd,2,דוקסל,635,45,חמאה,25,גרם,אריזה,200,0.125
46,ביף וולינגטון,,tbd,4,רוטב,660,45,חמאה,30,גרם,אריזה,200,0.15
34,טורטליני דלעת צלויה בחמאת מרווה,,tbd,3,רוטב,489,45,חמאה,40,גרם,אריזה,200,0.2
44,טארט תפוחים,,tbd,1,מתכון,599,45,חמאה,40,גרם,אריזה,200,0.2
4,מרק קרם שורשים,,tbd,1,מתכון,52,45,חמאה,50,גרם,אריזה,200,0.25
37,בצק רבוך,,tbd,1,מתכון,526,45,חמאה,50,גרם,אריזה,200,0.25
49,חזה אווז וכבד עם כרוב סגול,,tbd,2,כרוב,693,45,חמאה,50,גרם,אריזה,200,0.25
40,ביף בורגיניון,,tbd,3,פירה,568,45,חמאה,60,גרם,אריזה,200,0.3
33,מוס שוקולד,,tbd,1,מתכון,465,45,חמאה,80,גרם,אריזה,200,0.4
15,טארט בורדלו,Tarte Bourdaloue,tbd,2,בצק,190,45,חמאה,90,גרם,אריזה,200,0.45
16,טארט לימון,,tbd,2,בצק,208,45,חמאה,90,גרם,אריזה,200,0.45
14,קיש לוריין,Quiche Lorraine,tbd,2,בצק,176,45,חמאה,100,גרם,אריזה,200,0.5
15,טארט בורדלו,Tarte Bourdaloue,tbd,3,מלית,195,45,חמאה,100,גרם,אריזה,200,0.5
35,כרבולות תרנגול בתפו״א ומנטה,,tbd,4,רוטב,512,45,חמאה,100,גרם,אריזה,200,0.5
42,בצק עלים,,במתכון חמאה מומסת,1,דטרומפ,590,45,חמאה,100,גרם,אריזה,200,0.5
43,טארט טאטן קלאסי,,tbd,1,מתכון,595,45,חמאה,100,גרם,אריזה,200,0.5
7,ביצים מקושקשות,Oeufs Bruilles,tbd,1,מתכון,82,45,חמאה,150,גרם,אריזה,200,0.75
,פסטה גרידת לימון,,"רוטב - ממיסים את החמאה בסיר רחב ושטוח עם חצי כוס מים חמים וקליפת הלימון. כאשר הוא מומס מוסיפים מיץ לימון ומערבבים לתערובת אחידה.
בישול פסטה -  מרתיחים מים בסיר בגודל בינוני עם כף מיץ לימון ומלח גס (בערך כף). מוסיפים את הפסטה למים ומכסים.כשעולה קצף ממי הבישול של הפסטה (לוקח 1-2 דקות) מסירים את המכסה, מוציאים את הפסטה בעזרת מלקחיים או מסננים ואז מעבירים לסיר עם הרוטב ומטגנים/מבשלים עד שכל הפסטה מצופה.
מוסיפים מלח לפי הטעם ומגישים.",2,רוטב גרידת לימון,701,45,חמאה,150,גרם,אריזה,200,0.75
16,טארט לימון,,tbd,3,מלית,217,45,חמאה,170,גרם,אריזה,200,0.85
42,בצק עלים,,במתכון חמאה קרה,2,קיפול,592,45,חמאה,400,גרם,אריזה,200,2
24,פילה בקר בחוט,,tbd,2,רוטב ברנייז Bearnaise,342,46,חמאה מזוקקת,120,גרם,אריזה,200,0.6
2,רטטוי,Ratatouille,tbd,1,מתכון,19,47,חציל,0.5,יחידה,יחידה,1,0.5
11,סלט ניסואז,Salade Nicoise,tbd,1,מתכון,138,48,חרדל,0.5,כפית,צנצנת,100,0.005
20,שרימפס פריך ברוטב גריביש,,tbd,3,מיונז,263,48,חרדל,0.5,כפית,צנצנת,100,0.005
12,סלט ירוק עם ויניגרט עשבים,,tbd,2,רוטב,151,48,חרדל,2,כף,צנצנת,100,0.02
13,סלט מג׳דרה,,tbd,4,טחינה,167,49,טחינה גולמית,50,גרם,צנצנת,250,0.2
12,סלט ירוק עם ויניגרט עשבים,,tbd,2,רוטב,150,50,טרגון,2,גבעול,צרור,20,0.1
20,שרימפס פריך ברוטב גריביש,,tbd,4,גריביש,270,50,טרגון,2,גבעול,צרור,20,0.1
24,פילה בקר בחוט,,tbd,2,רוטב ברנייז Bearnaise,346,50,טרגון,2,גבעול,צרור,20,0.1
49,חזה אווז וכבד עם כרוב סגול,,tbd,2,כרוב,696,179,יין אדום,250,גרם,בקבוק,750,0.3333333333
40,ביף בורגיניון,,tbd,2,רוטב,552,179,יין אדום,750,מ״ל,בקבוק,750,1
4,מרק קרם שורשים,,tbd,1,מתכון,45,51,יין לבן,30,גרם,בקבוק,750,0.04
18,פילה דניס עם ירקות בסגנון בויאבז,,tbd,1,רוטב,226,51,יין לבן,30,גרם,בקבוק,750,0.04
24,פילה בקר בחוט,,tbd,2,רוטב ברנייז Bearnaise,344,51,יין לבן,40,גרם,בקבוק,750,0.05333333333
26,"אנטריקוט צלוי, רוטב פלפל ותפוחי אדמה",,tbd,2,רוטב,377,51,יין לבן,50,גרם,בקבוק,750,0.06666666667
31,ריזוטו לבן עם פטריות,,tbd,1,ריזוטו,436,51,יין לבן,50,גרם,בקבוק,750,0.06666666667
32,ריזוטו אדום עם קלמרי,,tbd,1,מתכון,455,51,יין לבן,50,גרם,בקבוק,750,0.06666666667
19,ציר דגים 2.5 ליטר,Fumet de Possions,tbd,1,מתכון,248,51,יין לבן,100,גרם,בקבוק,750,0.1333333333
49,חזה אווז וכבד עם כרוב סגול,,tbd,1,מתכון,689,180,כבד אווז,100,גרם,יחידה,1,100
48,טרין כבד אווז ועוף עם צ׳אטני תפוחים,,tbd,1,מתכון,674,180,כבד אווז,500,גרם,יחידה,1,500
18,פילה דניס עם ירקות בסגנון בויאבז,,tbd,1,רוטב,231,52,כוכב אניס,1,יחידה,במשקל,1,1
22,סלט שרימפס ופומלה,,tbd,2,סלט,313,53,כוסברה,3,גבעול,צרור,20,0.15
28,עוף בקארי מאסמן,,tbd,2,הגשה,412,53,כוסברה,3,גבעול,צרור,20,0.15
5,"מרק קוקוס, גלנגל ועוף",Tom Ka Gai,tbd,1,מתכון,63,53,כוסברה,6,גבעול,צרור,20,0.3
21,ספרינג רול ויאטנמי,,tbd,4,הגשה,292,53,כוסברה,10,גבעול,צרור,20,0.5
13,סלט מג׳דרה,,tbd,5,הגשה,173,53,כוסברה,15,גבעול,צרור,20,0.75
21,ספרינג רול ויאטנמי,,tbd,2,מלית,283,53,כוסברה,20,גבעול,צרור,20,1
35,כרבולות תרנגול בתפו״א ומנטה,,tbd,2,בצק פסטה ירוק,500,181,כלורופיל,120,גרם,במשקל,1,120
21,ספרינג רול ויאטנמי,,במתכון - 40 גרם כרוב,2,מלית,281,54,כרוב,0.1,יחידה,יחידה,1,0.1
23,פוט או פה (סיר על האש),Pot au Feu,tbd,1,מתכון,330,54,כרוב,1,יחידה,יחידה,1,1
49,חזה אווז וכבד עם כרוב סגול,,tbd,2,כרוב,692,182,כרוב סגול,400,גרם,במשקל,1000,0.4
19,ציר דגים 2.5 ליטר,Fumet de Possions,tbd,1,מתכון,244,55,כרישה,0.3,יחידה,יחידה,1,0.3
23,פוט או פה (סיר על האש),Pot au Feu,tbd,1,מתכון,325,55,כרישה,0.3,יחידה,יחידה,1,0.3
3,ציר עוף 5.5 ליטר,Fond Blanc de Vollaille,tbd,1,מתכון,34,55,כרישה,1,יחידה,יחידה,1,1
4,מרק קרם שורשים,,tbd,1,מתכון,46,55,כרישה,1,יחידה,יחידה,1,1
25,ציר בקר 6 ליטר,,tbd,1,מתכון,352,55,כרישה,1,יחידה,יחידה,1,1
40,ביף בורגיניון,,tbd,2,רוטב,557,55,כרישה,1,יחידה,יחידה,1,1
46,ביף וולינגטון,,tbd,4,רוטב,653,55,כרישה,1,יחידה,יחידה,1,1
23,פוט או פה (סיר על האש),Pot au Feu,tbd,1,מתכון,321,55,כרישה,2,יחידה,יחידה,1,2
28,עוף בקארי מאסמן,,tbd,1,מתכון,395,140,כרעי עוף,2,יחידה,יחידה,1,2
23,פוט או פה (סיר על האש),Pot au Feu,tbd,1,מתכון,317,56,כתף בקר מס׳ 5,1000,גרם,במשקל,1000,1
40,ביף בורגיניון,,tbd,1,מתכון,551,56,כתף בקר מס׳ 5,1000,גרם,במשקל,1000,1
40,ביף בורגיניון,,tbd,4,תוספות,573,57,לחם כפרי,1,פרוסה,כיכר,20,0.05
6,ריבולטה,Ribollita,tbd,1,מתכון,79,57,לחם כפרי,2,פרוסה,כיכר,20,0.1
48,טרין כבד אווז ועוף עם צ׳אטני תפוחים,,tbd,3,הגשה,687,57,לחם כפרי,4,פרוסה,כיכר,20,0.2
5,"מרק קוקוס, גלנגל ועוף",Tom Ka Gai,tbd,1,מתכון,66,58,ליים,1,יחידה,יחידה,1,1
22,סלט שרימפס ופומלה,,tbd,2,סלט,307,58,ליים,1,יחידה,יחידה,1,1
21,ספרינג רול ויאטנמי,,במתכון 4 כפות מיץ ליים,3,רוטב,288,58,ליים,2,יחידה,יחידה,1,2
13,סלט מג׳דרה,,tbd,4,טחינה,169,59,לימון,0.25,יחידה,יחידה,1,0.25
13,סלט מג׳דרה,,tbd,5,הגשה,171,59,לימון,0.5,יחידה,יחידה,1,0.5
1,סלט בורגול ועשבים,טבולה,tbd,1,מתכון,6,59,לימון,1,יחידה,יחידה,1,1
12,סלט ירוק עם ויניגרט עשבים,,tbd,2,רוטב,146,59,לימון,1,יחידה,יחידה,1,1
16,טארט לימון,,במתכון 100 גרם מיץ לימון,3,מלית,213,59,לימון,3,יחידה,יחידה,1,3
,פסטה גרידת לימון,,"רוטב - ממיסים את החמאה בסיר רחב ושטוח עם חצי כוס מים חמים וקליפת הלימון. כאשר הוא מומס מוסיפים מיץ לימון ומערבבים לתערובת אחידה.
בישול פסטה -  מרתיחים מים בסיר בגודל בינוני עם כף מיץ לימון ומלח גס (בערך כף). מוסיפים את הפסטה למים ומכסים.כשעולה קצף ממי הבישול של הפסטה (לוקח 1-2 דקות) מסירים את המכסה, מוציאים את הפסטה בעזרת מלקחיים או מסננים ואז מעבירים לסיר עם הרוטב ומטגנים/מבשלים עד שכל הפסטה מצופה.
מוסיפים מלח לפי הטעם ומגישים.",2,רוטב גרידת לימון,702,59,לימון,1,יחידה,יחידה,1,1
5,"מרק קוקוס, גלנגל ועוף",Tom Ka Gai,tbd,1,מתכון,60,60,למון גראס,1,גבעול,אריזה,10,0.1
22,סלט שרימפס ופומלה,,tbd,2,סלט,312,60,למון גראס,4,גבעול,אריזה,10,0.4
46,ביף וולינגטון,,tbd,4,רוטב,659,183,מחית כמהין,1,כפית,משחה,20,0.05
47,ואשראן,,tbd,2,סורבה פטל,665,184,מחית פטל,500,גרם,משחה,20,25
22,סלט שרימפס ופומלה,,tbd,1,רוטב,299,61,מחית תמרינדי,1,כף,משחה,20,0.05
28,עוף בקארי מאסמן,,tbd,1,מתכון,402,61,מחית תמרינדי,1,כפית,משחה,20,0.05
13,סלט מג׳דרה,,tbd,4,טחינה,168,62,מים,0.02,ליטר,ברז,100000,0.0000002
14,קיש לוריין,Quiche Lorraine,tbd,2,בצק,179,62,מים,0.02,גרם,ברז,100000,0.0000002
20,שרימפס פריך ברוטב גריביש,,tbd,2,ציפוי,259,62,מים,0.1,ליטר,ברז,100000,0.000001
4,מרק קרם שורשים,,tbd,1,מתכון,50,62,מים,0.2,ליטר,ברז,100000,0.000002
13,סלט מג׳דרה,,tbd,2,אורז,163,62,מים,0.2,ליטר,ברז,100000,0.000002
15,טארט בורדלו,Tarte Bourdaloue,tbd,4,אגסים בסירופ,202,62,מים,0.3,ליטר,ברז,100000,0.000003
6,ריבולטה,Ribollita,tbd,1,מתכון,80,62,מים,0.4,ליטר,ברז,100000,0.000004
27,פנה קוטה עם פירות אדומים,,tbd,2,סירופ,393,62,מים,1,כף,ברז,100000,0.00001
28,עוף בקארי מאסמן,,tbd,1,מתכון,409,62,מים,1,גרם,ברז,100000,0.00001
29,עוף קונג פאו,,tbd,1,משרה,416,62,מים,1,גרם,ברז,100000,0.00001
34,טורטליני דלעת צלויה בחמאת מרווה,,tbd,1,בצק פסטה,479,62,מים,1,גרם,ברז,100000,0.00001
49,חזה אווז וכבד עם כרוב סגול,,tbd,2,כרוב,699,62,מים,1,גרם,ברז,100000,0.00001
35,כרבולות תרנגול בתפו״א ומנטה,,tbd,2,בצק פסטה ירוק,502,62,מים,2,כף,ברז,100000,0.00002
19,ציר דגים 2.5 ליטר,Fumet de Possions,tbd,1,מתכון,252,62,מים,3,ליטר,ברז,100000,0.00003
24,פילה בקר בחוט,,tbd,2,רוטב ברנייז Bearnaise,341,62,מים,3,כף,ברז,100000,0.00003
29,עוף קונג פאו,,tbd,1,רוטב,422,62,מים,3,כף,ברז,100000,0.00003
3,ציר עוף 5.5 ליטר,Fond Blanc de Vollaille,tbd,1,מתכון,41,62,מים,6,ליטר,ברז,100000,0.00006
25,ציר בקר 6 ליטר,,tbd,1,מתכון,360,62,מים,6,ליטר,ברז,100000,0.00006
23,פוט או פה (סיר על האש),Pot au Feu,tbd,1,מתכון,333,62,מים,8,ליטר,ברז,100000,0.00008
27,פנה קוטה עם פירות אדומים,,tbd,1,פנה קוטה,390,62,מים,10,גרם,ברז,100000,0.0001
21,ספרינג רול ויאטנמי,,tbd,3,רוטב,287,62,מים,50,גרם,ברז,100000,0.0005
22,סלט שרימפס ופומלה,,tbd,1,רוטב,300,62,מים,50,גרם,ברז,100000,0.0005
45,"טארט עגבניות, זיתים ודג כבוש",,tbd,2,אסקבש escabeche,623,62,מים,50,גרם,ברז,100000,0.0005
37,בצק רבוך,,tbd,1,מתכון,525,62,מים,60,גרם,ברז,100000,0.0006
39,ניוקי פריזאי עם ירקות ירוקים,,tbd,1,מתכון,538,62,מים,120,גרם,ברז,100000,0.0012
42,בצק עלים,,tbd,1,דטרומפ,588,62,מים,300,גרם,ברז,100000,0.003
47,ואשראן,,tbd,2,סורבה פטל,666,62,מים,300,גרם,ברז,100000,0.003
30,אורז יסמין,,"מרתיחים מים בסיר
מכניסים אורז, מערבבים, מכסים.
מבשלים על אש קטנה מאוד ל20 דקות.
מורידים מהאש, מערבבים ומכסים ונותנים לנוח כמה דקות.",1,מתכון,432,62,מים,400,גרם,ברז,100000,0.004
35,כרבולות תרנגול בתפו״א ומנטה,,tbd,1,כלורופיל,497,62,מים,400,גרם,ברז,100000,0.004
1,סלט בורגול ועשבים,טבולה,tbd,1,מתכון,15,62,מלח,1,גרם,אריזה,1000,0.001
39,ניוקי פריזאי עם ירקות ירוקים,,tbd,1,מתכון,539,64,מלח,0.5,גרם,אריזה,1000,0.0005
2,רטטוי,Ratatouille,tbd,1,מתכון,26,64,מלח,1,גרם,אריזה,1000,0.001
4,מרק קרם שורשים,,tbd,1,מתכון,53,64,מלח,1,גרם,אריזה,1000,0.001
6,ריבולטה,Ribollita,tbd,1,מתכון,76,64,מלח,1,גרם,אריזה,1000,0.001
7,ביצים מקושקשות,Oeufs Bruilles,tbd,1,מתכון,84,64,מלח,1,גרם,אריזה,1000,0.001
8,ביצים בנוסח פלורנטין,,tbd,1,מתכון,91,64,מלח,1,גרם,אריזה,1000,0.001
8,ביצים בנוסח פלורנטין,,tbd,2,בורנאי: בשמל + פרמז׳ן,97,64,מלח,1,גרם,אריזה,1000,0.001
9,"ביצה עלומה, האש בראון ובייקון בקרמל",,tbd,2,האש בראון,108,64,מלח,1,גרם,אריזה,1000,0.001
9,"ביצה עלומה, האש בראון ובייקון בקרמל",,tbd,3,עגבניה צלוייה,114,64,מלח,1,גרם,אריזה,1000,0.001
9,"ביצה עלומה, האש בראון ובייקון בקרמל",,tbd,5,הגשה,119,64,מלח,1,גרם,אריזה,1000,0.001
11,סלט ניסואז,Salade Nicoise,tbd,1,מתכון,133,64,מלח,1,גרם,אריזה,1000,0.001
11,סלט ניסואז,Salade Nicoise,tbd,1,מתכון,139,64,מלח,1,גרם,אריזה,1000,0.001
12,סלט ירוק עם ויניגרט עשבים,,tbd,2,רוטב,154,64,מלח,1,גרם,אריזה,1000,0.001
13,סלט מג׳דרה,,tbd,2,אורז,162,64,מלח,1,גרם,אריזה,1000,0.001
13,סלט מג׳דרה,,tbd,3,עדשים,166,64,מלח,1,גרם,אריזה,1000,0.001
13,סלט מג׳דרה,,tbd,4,טחינה,170,64,מלח,1,גרם,אריזה,1000,0.001
14,קיש לוריין,Quiche Lorraine,tbd,3,מלית,185,64,מלח,1,גרם,אריזה,1000,0.001
15,טארט בורדלו,Tarte Bourdaloue,tbd,2,בצק,193,64,מלח,1,גרם,אריזה,1000,0.001
15,טארט בורדלו,Tarte Bourdaloue,tbd,4,אגסים בסירופ,205,64,מלח,1,גרם,אריזה,1000,0.001
16,טארט לימון,,tbd,2,בצק,211,64,מלח,1,גרם,אריזה,1000,0.001
20,שרימפס פריך ברוטב גריביש,,tbd,2,ציפוי,261,64,מלח,1,גרם,אריזה,1000,0.001
20,שרימפס פריך ברוטב גריביש,,tbd,3,מיונז,266,64,מלח,1,גרם,אריזה,1000,0.001
23,פוט או פה (סיר על האש),Pot au Feu,tbd,1,מתכון,331,64,מלח,1,גרם,אריזה,1000,0.001
24,פילה בקר בחוט,,tbd,2,רוטב ברנייז Bearnaise,347,64,מלח,1,גרם,אריזה,1000,0.001
26,"אנטריקוט צלוי, רוטב פלפל ותפוחי אדמה",,tbd,1,מתכון,363,64,מלח,1,גרם,אריזה,1000,0.001
26,"אנטריקוט צלוי, רוטב פלפל ותפוחי אדמה",,tbd,3,תפוח אדמה בפרסיאד,384,64,מלח,1,גרם,אריזה,1000,0.001
28,עוף בקארי מאסמן,,tbd,1,מתכון,406,64,מלח,1,גרם,אריזה,1000,0.001
29,עוף קונג פאו,,tbd,1,משרה,415,64,מלח,1,גרם,אריזה,1000,0.001
31,ריזוטו לבן עם פטריות,,tbd,1,ריזוטו,440,64,מלח,1,גרם,אריזה,1000,0.001
31,ריזוטו לבן עם פטריות,,tbd,2,פטריות,450,64,מלח,1,גרם,אריזה,1000,0.001
33,מוס שוקולד,,tbd,2,מתכון,469,64,מלח,1,גרם,אריזה,1000,0.001
34,טורטליני דלעת צלויה בחמאת מרווה,,tbd,1,בצק פסטה,480,64,מלח,1,גרם,אריזה,1000,0.001
34,טורטליני דלעת צלויה בחמאת מרווה,,tbd,2,מלית,486,64,מלח,1,גרם,אריזה,1000,0.001
34,טורטליני דלעת צלויה בחמאת מרווה,,tbd,3,רוטב,492,64,מלח,1,גרם,אריזה,1000,0.001
35,כרבולות תרנגול בתפו״א ומנטה,,tbd,2,בצק פסטה ירוק,504,64,מלח,1,גרם,אריזה,1000,0.001
35,כרבולות תרנגול בתפו״א ומנטה,,tbd,3,מלית,510,64,מלח,1,גרם,אריזה,1000,0.001
35,כרבולות תרנגול בתפו״א ומנטה,,tbd,4,רוטב,513,64,מלח,1,גרם,אריזה,1000,0.001
36,פטוצ׳יני חציר וקש,,tbd,1,מתכון,521,64,מלח,1,גרם,אריזה,1000,0.001
37,בצק רבוך,,tbd,1,מתכון,528,64,מלח,1,גרם,אריזה,1000,0.001
41,סופלה פרלינה עם רוטב קרמל מלוח,,tbd,1,מתכון,583,64,מלח,1,גרם,אריזה,1000,0.001
41,סופלה פרלינה עם רוטב קרמל מלוח,,tbd,2,רוטב,586,64,מלח,1,גרם,אריזה,1000,0.001
44,טארט תפוחים,,tbd,1,מתכון,603,64,מלח,1,גרם,אריזה,1000,0.001
45,"טארט עגבניות, זיתים ודג כבוש",,tbd,1,קונקסה,608,64,מלח,1,גרם,אריזה,1000,0.001
45,"טארט עגבניות, זיתים ודג כבוש",,tbd,2,אסקבש escabeche,621,64,מלח,1,גרם,אריזה,1000,0.001
46,ביף וולינגטון,,tbd,1,מתכון,633,64,מלח,1,גרם,אריזה,1000,0.001
46,ביף וולינגטון,,tbd,2,דוקסל,638,64,מלח,1,גרם,אריזה,1000,0.001
46,ביף וולינגטון,,tbd,3,קרפ,646,64,מלח,1,גרם,אריזה,1000,0.001
47,ואשראן,,tbd,1,מרנג,664,64,מלח,1,גרם,אריזה,1000,0.001
48,טרין כבד אווז ועוף עם צ׳אטני תפוחים,,tbd,2,צ׳אטני,685,64,מלח,1,גרם,אריזה,1000,0.001
49,חזה אווז וכבד עם כרוב סגול,,tbd,1,מתכון,690,64,מלח,1,גרם,אריזה,1000,0.001
49,חזה אווז וכבד עם כרוב סגול,,tbd,2,כרוב,698,64,מלח,1,גרם,אריזה,1000,0.001
14,קיש לוריין,Quiche Lorraine,tbd,2,בצק,178,64,מלח,4,גרם,אריזה,1000,0.004
48,טרין כבד אווז ועוף עם צ׳אטני תפוחים,,tbd,1,מתכון,676,64,מלח,7.5,גרם,אריזה,1000,0.0075
42,בצק עלים,,tbd,1,דטרומפ,591,64,מלח,10,גרם,אריזה,1000,0.01
,פסטה גרידת לימון,,"רוטב - ממיסים את החמאה בסיר רחב ושטוח עם חצי כוס מים חמים וקליפת הלימון. כאשר הוא מומס מוסיפים מיץ לימון ומערבבים לתערובת אחידה.
בישול פסטה -  מרתיחים מים בסיר בגודל בינוני עם כף מיץ לימון ומלח גס (בערך כף). מוסיפים את הפסטה למים ומכסים.כשעולה קצף ממי הבישול של הפסטה (לוקח 1-2 דקות) מסירים את המכסה, מוציאים את הפסטה בעזרת מלקחיים או מסננים ואז מעבירים לסיר עם הרוטב ומטגנים/מבשלים עד שכל הפסטה מצופה.
מוסיפים מלח לפי הטעם ומגישים.",2,רוטב גרידת לימון,703,64,מלח,1,גרם,אריזה,1000,0.001
1,סלט בורגול ועשבים,טבולה,tbd,1,מתכון,3,65,מלפפון,2,יחידה,יחידה,1,2
3,ציר עוף 5.5 ליטר,Fond Blanc de Vollaille,tbd,1,מתכון,39,66,מסמר ציפורן,1,יחידה,במשקל,1,1
23,פוט או פה (סיר על האש),Pot au Feu,tbd,1,מתכון,319,66,מסמר ציפורן,2,יחידה,במשקל,2,1
38,פחזניות עם קרם דיפלומט,,tbd,2,קרם דיפלומט,533,185,מקל וניל,0.5,יחידה,יחידה,1,0.5
47,ואשראן,,tbd,3,קצפת,670,185,מקל וניל,1,יחידה,יחידה,1,1
13,סלט מג׳דרה,,tbd,3,עדשים,165,67,מקל קינמון,1,יחידה,במשקל,1,1
28,עוף בקארי מאסמן,,tbd,1,מתכון,404,67,מקל קינמון,1,יחידה,במשקל,1,1
28,עוף בקארי מאסמן,,tbd,1,מתכון,396,141,משחת קארי מסאמן,1,כף,אריזה,50,0.02
1,סלט בורגול ועשבים,טבולה,tbd,1,מתכון,13,68,משמש מיובש,40,גרם,אריזה,200,0.2
35,כרבולות תרנגול בתפו״א ומנטה,,tbd,3,מלית,509,69,נענע,1,עלה,צרור,20,0.05
22,סלט שרימפס ופומלה,,tbd,2,סלט,314,69,נענע,3,גבעול,צרור,20,0.15
1,סלט בורגול ועשבים,טבולה,tbd,1,מתכון,8,69,נענע,5,גבעול,צרור,20,0.25
21,ספרינג רול ויאטנמי,,tbd,4,הגשה,293,69,נענע,10,גבעול,צרור,20,0.5
29,עוף קונג פאו,,tbd,1,משרה,417,145,סודה לשתיה,1,גרם,אריזה,10,0.1
29,עוף קונג פאו,,tbd,1,רוטב,420,69,סויה,2,כף,בקבוק,250,0.008
21,ספרינג רול ויאטנמי,,tbd,2,מלית,276,69,סויה,3,כף,בקבוק,250,0.012
21,ספרינג רול ויאטנמי,,tbd,2,מלית,277,69,סוכר,1,כפית,אריזה,1000,0.001
40,ביף בורגיניון,,tbd,4,תוספות,575,69,סוכר,1,גרם,אריזה,1000,0.001
45,"טארט עגבניות, זיתים ודג כבוש",,tbd,1,קונקסה,610,69,סוכר,1,גרם,אריזה,1000,0.001
29,עוף קונג פאו,,tbd,1,רוטב,421,69,סוכר,2,כף,אריזה,1000,0.002
14,קיש לוריין,Quiche Lorraine,tbd,2,בצק,177,69,סוכר,5,גרם,אריזה,1000,0.005
37,בצק רבוך,,tbd,1,מתכון,527,69,סוכר,5,גרם,אריזה,1000,0.005
27,פנה קוטה עם פירות אדומים,,tbd,2,סירופ,392,69,סוכר,10,גרם,אריזה,1000,0.01
27,פנה קוטה עם פירות אדומים,,tbd,1,פנה קוטה,387,69,סוכר,30,גרם,אריזה,1000,0.03
49,חזה אווז וכבד עם כרוב סגול,,tbd,2,כרוב,694,69,סוכר,30,גרם,אריזה,1000,0.03
44,טארט תפוחים,,tbd,1,מתכון,600,69,סוכר,40,גרם,אריזה,1000,0.04
48,טרין כבד אווז ועוף עם צ׳אטני תפוחים,,tbd,2,צ׳אטני,680,69,סוכר,50,גרם,אריזה,1000,0.05
38,פחזניות עם קרם דיפלומט,,tbd,2,קרם דיפלומט,535,69,סוכר,60,גרם,אריזה,1000,0.06
41,סופלה פרלינה עם רוטב קרמל מלוח,,tbd,1,מתכון,579,69,סוכר,60,גרם,אריזה,1000,0.06
47,ואשראן,,tbd,3,קצפת,669,69,סוכר,80,גרם,אריזה,1000,0.08
47,ואשראן,,tbd,4,קולי פטל,673,69,סוכר,80,גרם,אריזה,1000,0.08
41,סופלה פרלינה עם רוטב קרמל מלוח,,tbd,2,רוטב,584,69,סוכר,100,גרם,אריזה,1000,0.1
10,קרם קרמל,,tbd,1,מתכון,124,69,סוכר,110,גרם,אריזה,1000,0.11
15,טארט בורדלו,Tarte Bourdaloue,tbd,4,אגסים בסירופ,203,69,סוכר,130,גרם,אריזה,1000,0.13
16,טארט לימון,,tbd,3,מלית,214,69,סוכר,140,גרם,אריזה,1000,0.14
43,טארט טאטן קלאסי,,tbd,1,מתכון,594,69,סוכר,150,גרם,אריזה,1000,0.15
47,ואשראן,,tbd,2,סורבה פטל,667,69,סוכר,150,גרם,אריזה,1000,0.15
47,ואשראן,,tbd,1,מרנג,662,69,סוכר,180,גרם,אריזה,1000,0.18
17,קרם ברולה,Creme Brulee,tbd,1,מתכון,222,69,סוכר,200,גרם,אריזה,1000,0.2
33,מוס שוקולד,,tbd,2,מרנג,471,69,סוכר,200,גרם,אריזה,1000,0.2
10,קרם קרמל,,tbd,2,קרמל,125,69,סוכר,250,גרם,אריזה,1000,0.25
5,"מרק קוקוס, גלנגל ועוף",Tom Ka Gai,tbd,1,מתכון,65,70,סוכר דמררה,1,כף,אריזה,1000,0.001
28,עוף בקארי מאסמן,,tbd,1,מתכון,403,70,סוכר דמררה,1,כף,אריזה,1000,0.001
22,סלט שרימפס ופומלה,,tbd,1,רוטב,297,70,סוכר דמררה,5,כף,אריזה,1000,0.005
21,ספרינג רול ויאטנמי,,tbd,3,רוטב,286,70,סוכר דמררה,20,גרם,אריזה,1000,0.02
33,מוס שוקולד,,tbd,1,מתכון,467,70,סוכר דמררה,50,גרם,אריזה,1000,0.05
9,"ביצה עלומה, האש בראון ובייקון בקרמל",,tbd,4,בייקון בקרמל,117,71,סוכר חום,40,גרם,אריזה,1000,0.04
45,"טארט עגבניות, זיתים ודג כבוש",,tbd,3,סלט,627,187,סלק צהוב,1,יחידה,יחידה,1,1
18,פילה דניס עם ירקות בסגנון בויאבז,,tbd,1,רוטב,227,72,סלרי,0.5,יחידה,צרור,10,0.05
26,"אנטריקוט צלוי, רוטב פלפל ותפוחי אדמה",,tbd,2,רוטב,371,72,סלרי,0.5,יחידה,צרור,10,0.05
40,ביף בורגיניון,,tbd,2,רוטב,556,72,סלרי,0.5,יחידה,צרור,10,0.05
45,"טארט עגבניות, זיתים ודג כבוש",,tbd,2,אסקבש escabeche,616,72,סלרי,0.5,יחידה,צרור,10,0.05
1,סלט בורגול ועשבים,טבולה,tbd,1,מתכון,7,72,סלרי,1,גבעול,צרור,10,0.1
6,ריבולטה,Ribollita,tbd,1,מתכון,72,72,סלרי,1,יחידה,צרור,10,0.1
46,ביף וולינגטון,,במתכון 50 גרם גזר+סלרי+שום,4,רוטב,651,72,סלרי,1,יחידה,צרור,10,0.1
3,ציר עוף 5.5 ליטר,Fond Blanc de Vollaille,tbd,1,מתכון,32,72,סלרי,2,יחידה,צרור,10,0.2
25,ציר בקר 6 ליטר,,tbd,1,מתכון,353,72,סלרי,2,יחידה,צרור,10,0.2
11,סלט ניסואז,Salade Nicoise,tbd,1,מתכון,127,73,עגבניה,1,יחידה,יחידה,1,1
2,רטטוי,Ratatouille,tbd,1,מתכון,22,73,עגבניה,2,יחידה,יחידה,1,2
9,"ביצה עלומה, האש בראון ובייקון בקרמל",,tbd,3,עגבניה צלוייה,112,73,עגבניה,2,יחידה,יחידה,1,2
45,"טארט עגבניות, זיתים ודג כבוש",,tbd,1,קונקסה,604,73,עגבניה,2,יחידה,יחידה,1,2
25,ציר בקר 6 ליטר,,tbd,1,מתכון,355,73,עגבניות,2,יחידה,יחידה,1,2
6,ריבולטה,Ribollita,tbd,1,מתכון,73,74,עגבניות משומרות,400,גרם,צנצנת,400,1
5,"מרק קוקוס, גלנגל ועוף",Tom Ka Gai,tbd,1,מתכון,68,75,עגבניות שרי,5,יחידה,יחידה,1,5
13,סלט מג׳דרה,,tbd,3,עדשים,164,76,עדשים שחורות,100,גרם,אריזה,400,0.25
31,ריזוטו לבן עם פטריות,,tbd,2,פטריות,445,155,עירית,5,גבעול,צרור,15,0.3333333333
46,ביף וולינגטון,,tbd,3,קרפ,645,155,עירית,10,גבעול,אריזה,50,0.2
4,מרק קרם שורשים,,tbd,1,מתכון,49,77,עלה דפנה,1,עלה,אריזה,40,0.025
26,"אנטריקוט צלוי, רוטב פלפל ותפוחי אדמה",,tbd,2,רוטב,374,77,עלה דפנה,1,עלה,אריזה,40,0.025
40,ביף בורגיניון,,tbd,2,רוטב,560,77,עלה דפנה,1,עלה,אריזה,40,0.025
45,"טארט עגבניות, זיתים ודג כבוש",,tbd,2,אסקבש escabeche,620,77,עלה דפנה,1,עלה,אריזה,50,0.02
46,ביף וולינגטון,,tbd,4,רוטב,656,77,עלה דפנה,1,עלה,אריזה,40,0.025
3,ציר עוף 5.5 ליטר,Fond Blanc de Vollaille,tbd,1,מתכון,38,77,עלה דפנה,2,עלה,אריזה,40,0.05
19,ציר דגים 2.5 ליטר,Fumet de Possions,tbd,1,מתכון,247,77,עלה דפנה,2,עלה,אריזה,40,0.05
23,פוט או פה (סיר על האש),Pot au Feu,tbd,1,מתכון,328,77,עלה דפנה,2,עלה,אריזה,40,0.05
25,ציר בקר 6 ליטר,,tbd,1,מתכון,359,77,עלה דפנה,2,עלה,אריזה,40,0.05
21,ספרינג רול ויאטנמי,,tbd,1,מתכון,273,78,עלי אגרול,20,יחידה,אריזה,20,1
21,ספרינג רול ויאטנמי,,tbd,4,הגשה,291,79,עלי חסה,10,יחידה,אריזה,10,1
6,ריבולטה,Ribollita,tbd,1,מתכון,74,80,עלי כרוב שחור,5,יחידה,אריזה,10,0.5
34,טורטליני דלעת צלויה בחמאת מרווה,,tbd,3,רוטב,490,186,עלי מרווה,2,עלה,צרור,20,0.1
5,"מרק קוקוס, גלנגל ועוף",Tom Ka Gai,tbd,1,מתכון,58,81,עלי קפיר ליים,2,יחידה,אריזה,50,0.04
22,סלט שרימפס ופומלה,,tbd,2,סלט,316,81,עלי קפיר ליים,2,יחידה,אריזה,50,0.04
8,ביצים בנוסח פלורנטין,,tbd,1,מתכון,89,82,עלי תרד,200,גרם,אריזה,200,1
39,ניוקי פריזאי עם ירקות ירוקים,,tbd,2,הגשה,546,188,עלי תרד בייבי,50,עלה,אריזה,200,0.25
35,כרבולות תרנגול בתפו״א ומנטה,,tbd,1,כלורופיל,496,188,עלי תרד בייבי,500,גרם,אריזה,200,2.5
48,טרין כבד אווז ועוף עם צ׳אטני תפוחים,,tbd,3,הגשה,686,189,עלים לסלט,30,גרם,אריזה,200,0.15
25,ציר בקר 6 ליטר,,tbd,1,מתכון,349,83,עצמות בקר,3000,גרם,במשקל,3000,1
19,ציר דגים 2.5 ליטר,Fumet de Possions,tbd,1,מתכון,242,84,עצמות מדג,4,יחידה,יחידה,1,4
3,ציר עוף 5.5 ליטר,Fond Blanc de Vollaille,tbd,1,מתכון,30,85,עצמות עוף,2000,גרם,במשקל,2000,1
32,ריזוטו אדום עם קלמרי,,tbd,1,מתכון,457,158,פאסטה,50,גרם,אריזה,100,0.5
22,סלט שרימפס ופומלה,,tbd,2,סלט,302,86,פומלה,1,יחידה,יחידה,1,1
46,ביף וולינגטון,,tbd,4,רוטב,658,190,פורטו,30,גרם,בקבוק,500,0.06
27,פנה קוטה עם פירות אדומים,,tbd,2,סירופ,391,87,פטל קפוא,50,גרם,אריזה,200,0.25
47,ואשראן,,tbd,4,קולי פטל,672,87,פטל קפוא,300,גרם,אריזה,200,1.5
4,מרק קרם שורשים,,tbd,1,מתכון,47,88,פטרוזיליה,2,גבעול,צרור,20,0.1
20,שרימפס פריך ברוטב גריביש,,tbd,1,מתכון,254,88,פטרוזיליה,2,גבעול,צרור,20,0.1
20,שרימפס פריך ברוטב גריביש,,tbd,4,גריביש,269,88,פטרוזיליה,2,גבעול,צרור,20,0.1
23,פוט או פה (סיר על האש),Pot au Feu,tbd,1,מתכון,323,88,פטרוזיליה,2,יחידה,צרור,20,0.1
40,ביף בורגיניון,,tbd,4,תוספות,576,88,פטרוזיליה,2,גבעול,צרור,20,0.1
45,"טארט עגבניות, זיתים ודג כבוש",,tbd,2,אסקבש escabeche,619,88,פטרוזיליה,3,גבעול,צרור,20,0.15
3,ציר עוף 5.5 ליטר,Fond Blanc de Vollaille,tbd,1,מתכון,36,88,פטרוזיליה,4,גבעול,צרור,20,0.2
19,ציר דגים 2.5 ליטר,Fumet de Possions,tbd,1,מתכון,245,88,פטרוזיליה,4,גבעול,צרור,20,0.2
23,פוט או פה (סיר על האש),Pot au Feu,tbd,1,מתכון,326,88,פטרוזיליה,4,גבעול,צרור,20,0.2
25,ציר בקר 6 ליטר,,tbd,1,מתכון,357,88,פטרוזיליה,4,גבעול,צרור,20,0.2
31,ריזוטו לבן עם פטריות,,tbd,2,פטריות,444,88,פטרוזיליה,4,גבעול,צרור,20,0.2
40,ביף בורגיניון,,tbd,2,רוטב,558,88,פטרוזיליה,4,גבעול,צרור,20,0.2
46,ביף וולינגטון,,tbd,4,רוטב,654,88,פטרוזיליה,4,גבעול,צרור,20,0.2
1,סלט בורגול ועשבים,טבולה,tbd,1,מתכון,9,88,פטרוזיליה,5,גבעול,צרור,20,0.25
26,"אנטריקוט צלוי, רוטב פלפל ותפוחי אדמה",,tbd,3,תפוח אדמה בפרסיאד,385,88,פטרוזיליה,6,גבעול,צרור,20,0.3
13,סלט מג׳דרה,,tbd,5,הגשה,172,88,פטרוזיליה,10,גבעול,צרור,20,0.5
31,ריזוטו לבן עם פטריות,,tbd,2,פטריות,442,154,פטריות,250,גרם,אריזה,400,0.625
21,ספרינג רול ויאטנמי,,tbd,2,מלית,280,89,פטריות אוזן היער,30,גרם,אריזה,100,0.3
5,"מרק קוקוס, גלנגל ועוף",Tom Ka Gai,tbd,1,מתכון,67,90,פטריות ירדן,80,גרם,אריזה,100,0.8
40,ביף בורגיניון,,tbd,4,תוספות,569,191,פטריות שמפיניון,4,יחידה,יחידה,1,4
46,ביף וולינגטון,,tbd,2,דוקסל,637,191,פטריות שמפיניון,200,גרם,אריזה,200,1
24,פילה בקר בחוט,,tbd,1,מתכון,334,91,פילה בקר,180,גרם,במשקל,180,1
46,ביף וולינגטון,,tbd,1,מתכון,630,91,פילה בקר,300,גרם,במשקל,180,1.666666667
45,"טארט עגבניות, זיתים ודג כבוש",,tbd,2,אסקבש escabeche,611,192,פילה דג,1,יחידה,יחידה,1,1
34,טורטליני דלעת צלויה בחמאת מרווה,,tbd,2,מלית,484,193,פירורי לחם,1,כפית,אריזה,50,0.02
16,טארט לימון,,tbd,4,הגשה,218,92,פירות יער,20,גרם,אריזה,50,0.4
27,פנה קוטה עם פירות אדומים,,tbd,3,הגשה,394,93,פירות יער,4,יחידה,אריזה,50,0.08
1,סלט בורגול ועשבים,טבולה,tbd,1,מתכון,16,94,פלפל,1,גרם,אריזה,100,0.01
2,רטטוי,Ratatouille,tbd,1,מתכון,27,94,פלפל,1,גרם,אריזה,100,0.01
6,ריבולטה,Ribollita,tbd,1,מתכון,77,94,פלפל,1,גרם,אריזה,100,0.01
7,ביצים מקושקשות,Oeufs Bruilles,tbd,1,מתכון,85,94,פלפל,1,גרם,אריזה,100,0.01
8,ביצים בנוסח פלורנטין,,tbd,1,מתכון,92,94,פלפל,1,גרם,אריזה,100,0.01
8,ביצים בנוסח פלורנטין,,tbd,2,בורנאי: בשמל + פרמז׳ן,98,94,פלפל,1,גרם,אריזה,100,0.01
9,"ביצה עלומה, האש בראון ובייקון בקרמל",,tbd,2,האש בראון,109,94,פלפל,1,גרם,אריזה,100,0.01
9,"ביצה עלומה, האש בראון ובייקון בקרמל",,tbd,3,עגבניה צלוייה,115,94,פלפל,1,גרם,אריזה,100,0.01
9,"ביצה עלומה, האש בראון ובייקון בקרמל",,tbd,5,הגשה,120,94,פלפל,1,גרם,אריזה,100,0.01
11,סלט ניסואז,Salade Nicoise,tbd,1,מתכון,134,94,פלפל,1,גרם,אריזה,100,0.01
11,סלט ניסואז,Salade Nicoise,tbd,1,מתכון,140,94,פלפל,1,גרם,אריזה,100,0.01
12,סלט ירוק עם ויניגרט עשבים,,tbd,2,רוטב,155,94,פלפל,1,גרם,אריזה,100,0.01
14,קיש לוריין,Quiche Lorraine,tbd,3,מלית,186,94,פלפל,1,גרם,אריזה,100,0.01
20,שרימפס פריך ברוטב גריביש,,tbd,3,מיונז,267,94,פלפל,1,גרם,אריזה,100,0.01
23,פוט או פה (סיר על האש),Pot au Feu,tbd,1,מתכון,332,94,פלפל,1,גרם,אריזה,100,0.01
24,פילה בקר בחוט,,tbd,2,רוטב ברנייז Bearnaise,348,94,פלפל,1,גרם,אריזה,100,0.01
26,"אנטריקוט צלוי, רוטב פלפל ותפוחי אדמה",,tbd,1,מתכון,364,94,פלפל,1,גרם,אריזה,100,0.01
28,עוף בקארי מאסמן,,tbd,1,מתכון,407,94,פלפל,1,גרם,אריזה,100,0.01
31,ריזוטו לבן עם פטריות,,tbd,1,ריזוטו,441,94,פלפל,1,גרם,אריזה,100,0.01
31,ריזוטו לבן עם פטריות,,tbd,2,פטריות,451,94,פלפל,1,גרם,אריזה,100,0.01
34,טורטליני דלעת צלויה בחמאת מרווה,,tbd,2,מלית,487,94,פלפל,1,גרם,אריזה,100,0.01
34,טורטליני דלעת צלויה בחמאת מרווה,,tbd,3,רוטב,493,94,פלפל,1,גרם,אריזה,100,0.01
35,כרבולות תרנגול בתפו״א ומנטה,,tbd,3,מלית,511,94,פלפל,1,גרם,אריזה,100,0.01
36,פטוצ׳יני חציר וקש,,tbd,1,מתכון,522,94,פלפל,1,גרם,אריזה,100,0.01
45,"טארט עגבניות, זיתים ודג כבוש",,tbd,1,קונקסה,609,94,פלפל,1,גרם,אריזה,100,0.01
46,ביף וולינגטון,,tbd,1,מתכון,634,94,פלפל,1,גרם,אריזה,100,0.01
46,ביף וולינגטון,,tbd,2,דוקסל,639,94,פלפל,1,גרם,אריזה,100,0.01
46,ביף וולינגטון,,tbd,3,קרפ,647,94,פלפל,1,גרם,אריזה,100,0.01
49,חזה אווז וכבד עם כרוב סגול,,tbd,1,מתכון,691,94,פלפל,1,גרם,אריזה,100,0.01
2,רטטוי,Ratatouille,tbd,1,מתכון,20,95,פלפל אדום,0.5,יחידה,יחידה,1,0.5
18,פילה דניס עם ירקות בסגנון בויאבז,,tbd,2,ירקות,238,95,פלפל אדום,0.5,יחידה,יחידה,1,0.5
18,פילה דניס עם ירקות בסגנון בויאבז,,tbd,2,ירקות,239,95,פלפל כתום,0.5,יחידה,יחידה,1,0.5
21,ספרינג רול ויאטנמי,,tbd,2,מלית,284,96,פלפל לבן טחון,0.5,כפית,אריזה,100,0.005
4,מרק קרם שורשים,,tbd,1,מתכון,54,96,פלפל לבן טחון,1,גרם,אריזה,100,0.01
35,כרבולות תרנגול בתפו״א ומנטה,,tbd,4,רוטב,515,96,פלפל לבן טחון,1,גרם,אריזה,100,0.01
48,טרין כבד אווז ועוף עם צ׳אטני תפוחים,,tbd,1,מתכון,677,96,פלפל לבן טחון,1,גרם,אריזה,100,0.01
19,ציר דגים 2.5 ליטר,Fumet de Possions,tbd,1,מתכון,249,97,פלפל לבן שלם,0.5,כפית,אריזה,50,0.01
40,ביף בורגיניון,,tbd,2,רוטב,561,97,פלפל לבן שלם,0.5,כפית,אריזה,50,0.01
3,ציר עוף 5.5 ליטר,Fond Blanc de Vollaille,tbd,1,מתכון,40,97,פלפל לבן שלם,1,כפית,אריזה,50,0.02
29,עוף קונג פאו,,tbd,1,מנה,428,150,פלפל סצ׳ואן,0.25,כפית,גרם,10,0.025
2,רטטוי,Ratatouille,tbd,1,מתכון,21,98,פלפל צהוב,0.5,יחידה,יחידה,1,0.5
9,"ביצה עלומה, האש בראון ובייקון בקרמל",,tbd,2,האש בראון,110,99,פפריקה,1,קורט,אריזה,100,0.01
32,ריזוטו אדום עם קלמרי,,tbd,1,מתכון,459,160,פפריקה מעושנת,0.5,כפית,אריזה,20,0.025
45,"טארט עגבניות, זיתים ודג כבוש",,tbd,3,סלט,629,194,פרחי מאכל,3,יחידה,יחידה,1,3
41,סופלה פרלינה עם רוטב קרמל מלוח,,tbd,1,מתכון,582,195,פרלינה,12,גרם,במשקל,20,0.6
31,ריזוטו לבן עם פטריות,,tbd,2,פטריות,449,100,פרמז׳ן,8,גרם,במשקל,50,0.16
31,ריזוטו לבן עם פטריות,,tbd,1,ריזוטו,439,100,פרמז׳ן,15,גרם,במשקל,50,0.3
2,רטטוי,Ratatouille,tbd,1,מתכון,29,100,פרמז׳ן,20,גרם,במשקל,20,1
34,טורטליני דלעת צלויה בחמאת מרווה,,tbd,2,מלית,483,100,פרמז׳ן,20,גרם,במשקל,50,0.4
34,טורטליני דלעת צלויה בחמאת מרווה,,tbd,3,רוטב,494,100,פרמז׳ן,20,גרם,במשקל,50,0.4
35,כרבולות תרנגול בתפו״א ומנטה,,tbd,4,רוטב,514,100,פרמז׳ן,20,גרם,במשקל,50,0.4
36,פטוצ׳יני חציר וקש,,tbd,1,מתכון,523,100,פרמז׳ן,20,גרם,במשקל,50,0.4
39,ניוקי פריזאי עם ירקות ירוקים,,tbd,1,מתכון,544,100,פרמז׳ן,20,גרם,במשקל,50,0.4
39,ניוקי פריזאי עם ירקות ירוקים,,tbd,2,הגשה,548,100,פרמז׳ן,20,גרם,במשקל,50,0.4
8,ביצים בנוסח פלורנטין,,tbd,2,בורנאי: בשמל + פרמז׳ן,99,100,פרמז׳ן,30,גרם,במשקל,30,1
12,סלט ירוק עם ויניגרט עשבים,,tbd,1,מתכון,142,100,פרמז׳ן,50,גרם,במשקל,50,1
14,קיש לוריין,Quiche Lorraine,tbd,3,מלית,181,100,פרמז׳ן,50,גרם,במשקל,50,1
35,כרבולות תרנגול בתפו״א ומנטה,,tbd,3,מלית,508,100,פרמז׳ן,50,גרם,במשקל,50,1
18,פילה דניס עם ירקות בסגנון בויאבז,,tbd,1,רוטב,235,101,פרנו/פסטיס,1,כפית,בקבוק,750,0.001333333333
32,ריזוטו אדום עם קלמרי,,tbd,1,מתכון,458,159,צ׳וריסו / צ׳ובאי,30,גרם,אריזה,150,0.2
5,"מרק קוקוס, גלנגל ועוף",Tom Ka Gai,tbd,1,מתכון,62,102,צ׳ילי אדום טרי,0.5,יחידה,יחידה,1,0.5
48,טרין כבד אווז ועוף עם צ׳אטני תפוחים,,tbd,2,צ׳אטני,684,102,צ׳ילי אדום טרי,0.5,יחידה,יחידה,1,0.5
21,ספרינג רול ויאטנמי,,tbd,3,רוטב,289,102,צ׳ילי אדום טרי,1,יחידה,יחידה,1,1
22,סלט שרימפס ופומלה,,tbd,2,סלט,309,102,צ׳ילי אדום טרי,2,יחידה,יחידה,1,2
18,פילה דניס עם ירקות בסגנון בויאבז,,tbd,1,רוטב,233,103,צ׳ילי מיובש גרוס,1,קורט,אריזה,50,0.02
45,"טארט עגבניות, זיתים ודג כבוש",,tbd,2,אסקבש escabeche,618,103,צ׳ילי מיובש גרוס,5,גרם,אריזה,50,0.1
28,עוף בקארי מאסמן,,tbd,1,מתכון,405,104,צ׳ילי מיובש שלם,2,יחידה,אריזה,50,0.04
22,סלט שרימפס ופומלה,,tbd,2,סלט,311,104,צ׳ילי מיובש שלם,8,יחידה,אריזה,50,0.16
29,עוף קונג פאו,,tbd,1,מנה,427,104,צ׳ילי מיובש שלם,10,יחידה,אריזה,50,0.2
1,סלט בורגול ועשבים,טבולה,tbd,1,מתכון,14,105,צימוקי אוכמניות,20,גרם,אריזה,50,0.4
49,חזה אווז וכבד עם כרוב סגול,,tbd,2,כרוב,695,105,צימוקי אוכמניות,40,גרם,אריזה,50,0.8
46,ביף וולינגטון,,tbd,4,רוטב,657,106,ציר בקר,100,גרם,במשקל,200,0.5
26,"אנטריקוט צלוי, רוטב פלפל ותפוחי אדמה",,tbd,2,רוטב,375,106,ציר בקר,200,גרם,במשקל,200,1
40,ביף בורגיניון,,tbd,2,רוטב,563,106,ציר בקר,300,גרם,במשקל,200,1.5
24,פילה בקר בחוט,,tbd,1,מתכון,335,106,ציר בקר,500,גרם,במשקל,500,1
32,ריזוטו אדום עם קלמרי,,tbd,1,מתכון,456,157,ציר דגים,350,גרם,גרם,350,1
5,"מרק קוקוס, גלנגל ועוף",Tom Ka Gai,tbd,1,מתכון,55,107,ציר עוף,250,גרם,במשקל,250,1
31,ריזוטו לבן עם פטריות,,tbd,1,ריזוטו,437,107,ציר עוף,400,גרם,במשקל,250,1.6
11,סלט ניסואז,Salade Nicoise,tbd,1,מתכון,131,108,צלפים,0.5,כפית,צנצנת,20,0.025
20,שרימפס פריך ברוטב גריביש,,tbd,4,גריביש,271,108,צלפים,1,כפית,צנצנת,20,0.05
1,סלט בורגול ועשבים,טבולה,tbd,1,מתכון,2,109,קולורבי,1,יחידה,יחידה,1,1
48,טרין כבד אווז ועוף עם צ׳אטני תפוחים,,tbd,1,מתכון,678,196,קוניאק,2,כף,בקבוק,750,0.002666666667
29,עוף קונג פאו,,tbd,1,משרה,414,110,קורנפלור,1,כף,אריזה,100,0.01
15,טארט בורדלו,Tarte Bourdaloue,tbd,3,מלית,198,110,קורנפלור,10,גרם,אריזה,100,0.1
38,פחזניות עם קרם דיפלומט,,tbd,2,קרם דיפלומט,536,110,קורנפלור,25,גרם,אריזה,100,0.25
47,ואשראן,,tbd,3,קצפת,671,197,קירש/אלכוול פטל,1,כף,בקבוק,750,0.001333333333
32,ריזוטו אדום עם קלמרי,,tbd,1,מתכון,461,161,קלאמרי,3,יחידה,יחידה,1,3
40,ביף בורגיניון,,tbd,2,רוטב,565,111,קמח,1,כפית,אריזה,1000,0.001
42,בצק עלים,,tbd,2,קיפול,593,111,קמח,10,גרם,אריזה,1000,0.01
8,ביצים בנוסח פלורנטין,,tbd,2,בורנאי: בשמל + פרמז׳ן,95,111,קמח,15,גרם,אריזה,1000,0.015
9,"ביצה עלומה, האש בראון ובייקון בקרמל",,tbd,2,האש בראון,106,111,קמח,17,גרם,אריזה,1000,0.017
20,שרימפס פריך ברוטב גריביש,,tbd,2,ציפוי,257,111,קמח,40,גרם,אריזה,1000,0.04
41,סופלה פרלינה עם רוטב קרמל מלוח,,tbd,1,מתכון,578,111,קמח,50,גרם,אריזה,1000,0.05
37,בצק רבוך,,tbd,1,מתכון,530,111,קמח,75,גרם,אריזה,1000,0.075
46,ביף וולינגטון,,tbd,3,קרפ,640,111,קמח,75,גרם,אריזה,1000,0.075
39,ניוקי פריזאי עם ירקות ירוקים,,tbd,1,מתכון,542,111,קמח,100,גרם,אריזה,1000,0.1
15,טארט בורדלו,Tarte Bourdaloue,tbd,2,בצק,189,111,קמח,150,גרם,אריזה,1000,0.15
16,טארט לימון,,tbd,2,בצק,207,111,קמח,150,גרם,אריזה,1000,0.15
14,קיש לוריין,Quiche Lorraine,tbd,2,בצק,175,111,קמח,160,גרם,אריזה,1000,0.16
42,בצק עלים,,tbd,1,דטרומפ,587,111,קמח,600,גרם,אריזה,1000,0.6
34,טורטליני דלעת צלויה בחמאת מרווה,,tbd,1,בצק פסטה,476,198,קמח דורום,50,גרם,אריזה,1000,0.05
35,כרבולות תרנגול בתפו״א ומנטה,,tbd,2,בצק פסטה ירוק,499,199,קמח דורום,10,גרם,אריזה,1000,0.01
34,טורטליני דלעת צלויה בחמאת מרווה,,tbd,1,בצק פסטה,475,200,קמח פסטה,200,גרם,אריזה,1000,0.2
35,כרבולות תרנגול בתפו״א ומנטה,,tbd,2,בצק פסטה ירוק,498,200,קמח פסטה,400,גרם,אריזה,1000,0.4
20,שרימפס פריך ברוטב גריביש,,tbd,2,ציפוי,258,112,קמח תפוחי אדמה,30,גרם,אריזה,500,0.06
28,עוף בקארי מאסמן,,tbd,2,הגשה,410,143,קריספי שאלוט,10,גרם,גרם,50,0.2
5,"מרק קוקוס, גלנגל ועוף",Tom Ka Gai,tbd,1,מתכון,57,43,קרם קוקוס,200,גרם,צנצנת,400,0.5
28,עוף בקארי מאסמן,,tbd,1,מתכון,397,43,קרם קוקוס,200,גרם,צנצנת,400,0.5
5,"מרק קוקוס, גלנגל ועוף",Tom Ka Gai,tbd,1,מתכון,64,113,רוטב דגים,2,כף,בקבוק,100,0.02
22,סלט שרימפס ופומלה,,tbd,2,סלט,308,113,רוטב דגים,3,כף,בקבוק,100,0.03
28,עוף בקארי מאסמן,,tbd,1,מתכון,401,113,רוטב דגים,3,כף,בקבוק,100,0.03
22,סלט שרימפס ופומלה,,tbd,1,רוטב,298,113,רוטב דגים,5,כף,בקבוק,100,0.05
21,ספרינג רול ויאטנמי,,tbd,3,רוטב,285,113,רוטב דגים,20,גרם,בקבוק,100,0.2
22,סלט שרימפס ופומלה,,tbd,1,רוטב,296,114,ריבת צ׳ילי,1,כף,בקבוק,100,0.01
14,קיש לוריין,Quiche Lorraine,tbd,1,מתכון,174,115,רינג 20 סמ * 2.5,1,יחידה,יחידה,1,1
15,טארט בורדלו,Tarte Bourdaloue,tbd,1,מתכון,188,115,רינג 20 סמ * 2.5,1,יחידה,יחידה,1,1
16,טארט לימון,,tbd,1,מתכון,206,115,רינג 20 סמ * 2.5,1,יחידה,יחידה,1,1
34,טורטליני דלעת צלויה בחמאת מרווה,,tbd,2,מלית,481,201,ריקוטה,50,גרם,גרם,100,0.5
18,פילה דניס עם ירקות בסגנון בויאבז,,tbd,1,רוטב,234,116,רסק עגבניות,1,כפית,משחה,20,0.05
40,ביף בורגיניון,,tbd,2,רוטב,564,116,רסק עגבניות,1,כפית,משחה,20,0.05
25,ציר בקר 6 ליטר,,tbd,1,מתכון,356,116,רסק עגבניות,2,כף,משחה,20,0.1
29,עוף קונג פאו,,tbd,1,רוטב,418,146,שאוסינג,5,כף,בקבוק,100,0.05
20,שרימפס פריך ברוטב גריביש,,tbd,4,גריביש,272,117,שאלוט,0.5,יחידה,יחידה,1,0.5
5,"מרק קוקוס, גלנגל ועוף",Tom Ka Gai,tbd,1,מתכון,59,117,שאלוט,1,יחידה,יחידה,1,1
24,פילה בקר בחוט,,tbd,2,רוטב ברנייז Bearnaise,345,117,שאלוט,1,יחידה,יחידה,1,1
31,ריזוטו לבן עם פטריות,,tbd,1,ריזוטו,434,117,שאלוט,1,יחידה,יחידה,1,1
32,ריזוטו אדום עם קלמרי,,tbd,1,מתכון,453,117,שאלוט,1,יחידה,יחידה,1,1
45,"טארט עגבניות, זיתים ודג כבוש",,tbd,1,קונקסה,605,117,שאלוט,1,יחידה,יחידה,1,1
46,ביף וולינגטון,,tbd,2,דוקסל,636,117,שאלוט,1,יחידה,יחידה,1,1
46,ביף וולינגטון,,tbd,4,רוטב,649,117,שאלוט,1,יחידה,יחידה,1,1
12,סלט ירוק עם ויניגרט עשבים,,tbd,2,רוטב,145,117,שאלוט,2,יחידה,יחידה,1,2
28,עוף בקארי מאסמן,,tbd,1,מתכון,399,117,שאלוט,3,יחידה,יחידה,1,3
22,סלט שרימפס ופומלה,,tbd,2,סלט,306,117,שאלוט,4,יחידה,יחידה,1,4
40,ביף בורגיניון,,tbd,4,תוספות,570,117,שאלוט,4,יחידה,יחידה,1,4
22,סלט שרימפס ופומלה,,tbd,2,סלט,304,118,שבבי קוקוס קלויים,2,כף,אריזה,50,0.04
33,מוס שוקולד,,tbd,2,מרנג,473,118,שבבי קוקוס קלויים,10,גרם,אריזה,50,0.2
6,ריבולטה,Ribollita,tbd,1,מתכון,75,119,שום,1,שן,ראש,12,0.08333333333
20,שרימפס פריך ברוטב גריביש,,tbd,1,מתכון,255,119,שום,1,שן,ראש,12,0.08333333333
21,ספרינג רול ויאטנמי,,tbd,3,רוטב,290,119,שום,1,שן,ראש,12,0.08333333333
26,"אנטריקוט צלוי, רוטב פלפל ותפוחי אדמה",,tbd,1,מתכון,368,119,שום,1,שן,ראש,12,0.08333333333
26,"אנטריקוט צלוי, רוטב פלפל ותפוחי אדמה",,tbd,2,רוטב,372,119,שום,1,שן,ראש,12,0.08333333333
26,"אנטריקוט צלוי, רוטב פלפל ותפוחי אדמה",,tbd,3,תפוח אדמה בפרסיאד,383,119,שום,1,שן,ראש,12,0.08333333333
31,ריזוטו לבן עם פטריות,,tbd,2,פטריות,443,119,שום,1,שן,ראש,12,0.08333333333
34,טורטליני דלעת צלויה בחמאת מרווה,,tbd,3,רוטב,491,119,שום,1,שן,ראש,12,0.08333333333
46,ביף וולינגטון,,במתכון 50 גרם גזר+סלרי+שום,4,רוטב,652,119,שום,1,שן,ראש,12,0.08333333333
48,טרין כבד אווז ועוף עם צ׳אטני תפוחים,,tbd,2,צ׳אטני,683,119,שום,1,שן,ראש,12,0.08333333333
2,רטטוי,Ratatouille,tbd,1,מתכון,23,119,שום,2,שן,ראש,12,0.1666666667
22,סלט שרימפס ופומלה,,tbd,2,סלט,310,119,שום,2,שן,ראש,12,0.1666666667
29,עוף קונג פאו,,tbd,1,מנה,423,119,שום,2,שן,ראש,12,0.1666666667
32,ריזוטו אדום עם קלמרי,,tbd,1,מתכון,460,119,שום,2,שן,ראש,12,0.1666666667
39,ניוקי פריזאי עם ירקות ירוקים,,tbd,2,הגשה,547,119,שום,2,שן,ראש,12,0.1666666667
18,פילה דניס עם ירקות בסגנון בויאבז,,tbd,1,רוטב,230,119,שום,3,שן,ראש,12,0.25
21,ספרינג רול ויאטנמי,,tbd,2,מלית,282,119,שום,3,שן,ראש,12,0.25
40,ביף בורגיניון,,tbd,2,רוטב,562,119,שום,3,שן,ראש,12,0.25
45,"טארט עגבניות, זיתים ודג כבוש",,tbd,2,אסקבש escabeche,614,119,שום,3,שן,ראש,12,0.25
19,ציר דגים 2.5 ליטר,Fumet de Possions,tbd,1,מתכון,251,119,שום,4,שן,ראש,12,0.3333333333
25,ציר בקר 6 ליטר,,tbd,1,מתכון,354,119,שום,5,שן,ראש,12,0.4166666667
3,ציר עוף 5.5 ליטר,Fond Blanc de Vollaille,tbd,1,מתכון,35,119,שום,10,שן,ראש,12,0.8333333333
45,"טארט עגבניות, זיתים ודג כבוש",,tbd,3,סלט,625,120,שומר,0.3,יחידה,יחידה,1,0.3
18,פילה דניס עם ירקות בסגנון בויאבז,,tbd,2,ירקות,240,120,שומר,0.5,יחידה,יחידה,1,0.5
19,ציר דגים 2.5 ליטר,Fumet de Possions,tbd,1,מתכון,250,120,שומר,1,יחידה,יחידה,1,1
32,ריזוטו אדום עם קלמרי,,tbd,1,מתכון,463,120,שומר,1,יחידה,יחידה,1,1
33,מוס שוקולד,,tbd,1,מתכון,464,163,שוקולד מריר,200,גרם,אריזה,100,2
25,ציר בקר 6 ליטר,,tbd,1,מתכון,361,121,שורש סלרי,1,יחידה,יחידה,1,1
23,פוט או פה (סיר על האש),Pot au Feu,tbd,1,מתכון,322,121,שורש סלרי,2,יחידה,יחידה,1,2
4,מרק קרם שורשים,,במתכון 200 גרם שורש סלרי,1,מתכון,42,121,שורש סלרי,3,יחידה,יחידה,1,3
4,מרק קרם שורשים,,במתכון 200 גרם שורש פטרוזיליה,1,מתכון,43,122,שורש פטרוזיליה,2,יחידה,יחידה,1,2
1,סלט בורגול ועשבים,טבולה,tbd,1,מתכון,10,123,שמיר,5,גבעול,צרור,20,0.25
21,ספרינג רול ויאטנמי,,tbd,4,הגשה,295,123,שמיר,10,גבעול,צרור,20,0.5
18,פילה דניס עם ירקות בסגנון בויאבז,,tbd,1,רוטב,225,125,שמן זית,1,כף,בקבוק,1000,0.001
20,שרימפס פריך ברוטב גריביש,,tbd,1,מתכון,256,125,שמן זית,1,כף,בקבוק,1000,0.001
31,ריזוטו לבן עם פטריות,,tbd,1,ריזוטו,433,125,שמן זית,1,כף,בקבוק,1000,0.001
31,ריזוטו לבן עם פטריות,,tbd,2,פטריות,447,125,שמן זית,1,כף,בקבוק,1000,0.001
32,ריזוטו אדום עם קלמרי,,tbd,1,מתכון,452,125,שמן זית,1,כף,בקבוק,1000,0.001
34,טורטליני דלעת צלויה בחמאת מרווה,,tbd,1,בצק פסטה,478,125,שמן זית,1,כף,בקבוק,1000,0.001
39,ניוקי פריזאי עם ירקות ירוקים,,tbd,2,הגשה,549,125,שמן זית,1,גרם,בקבוק,1000,0.001
46,ביף וולינגטון,,tbd,3,קרפ,644,125,שמן זית,1,גרם,בקבוק,1000,0.001
9,"ביצה עלומה, האש בראון ובייקון בקרמל",,tbd,3,עגבניה צלוייה,111,125,שמן זית,2,כף,בקבוק,1000,0.002
11,סלט ניסואז,Salade Nicoise,tbd,1,מתכון,137,125,שמן זית,2,כף,בקבוק,1000,0.002
35,כרבולות תרנגול בתפו״א ומנטה,,tbd,2,בצק פסטה ירוק,503,125,שמן זית,2,כף,בקבוק,1000,0.002
45,"טארט עגבניות, זיתים ודג כבוש",,tbd,1,קונקסה,607,125,שמן זית,2,כף,בקבוק,1000,0.002
1,סלט בורגול ועשבים,טבולה,tbd,1,מתכון,11,125,שמן זית,4,כף,בקבוק,1000,0.004
2,רטטוי,Ratatouille,tbd,1,מתכון,25,125,שמן זית,5,כף,בקבוק,1000,0.005
6,ריבולטה,Ribollita,tbd,1,מתכון,69,125,שמן זית,6,כף,בקבוק,1000,0.006
12,סלט ירוק עם ויניגרט עשבים,,tbd,2,רוטב,152,125,שמן זית,8,כף,בקבוק,1000,0.008
13,סלט מג׳דרה,,tbd,1,מתכון,158,125,שמן זית,30,גרם,בקבוק,1000,0.03
45,"טארט עגבניות, זיתים ודג כבוש",,tbd,2,אסקבש escabeche,613,125,שמן זית,80,גרם,בקבוק,1000,0.08
22,סלט שרימפס ופומלה,,tbd,2,סלט,315,124,שמן נייטרלי,0.5,ליטר,בקבוק,1000,0.0005
21,ספרינג רול ויאטנמי,,tbd,1,מתכון,274,124,שמן נייטרלי,0.75,ליטר,בקבוק,1000,0.00075
28,עוף בקארי מאסמן,,tbd,1,מתכון,408,124,שמן נייטרלי,1,כף,בקבוק,1000,0.001
13,סלט מג׳דרה,,tbd,2,אורז,161,124,שמן נייטרלי,2,כף,בקבוק,1000,0.002
11,סלט ניסואז,Salade Nicoise,tbd,1,מתכון,136,124,שמן נייטרלי,4,כף,בקבוק,1000,0.004
26,"אנטריקוט צלוי, רוטב פלפל ותפוחי אדמה",,tbd,1,מתכון,365,124,שמן נייטרלי,4,כף,בקבוק,1000,0.004
26,"אנטריקוט צלוי, רוטב פלפל ותפוחי אדמה",,tbd,3,תפוח אדמה בפרסיאד,381,124,שמן נייטרלי,4,כף,בקבוק,1000,0.004
29,עוף קונג פאו,,tbd,1,מנה,429,124,שמן נייטרלי,5,כף,בקבוק,1000,0.005
12,סלט ירוק עם ויניגרט עשבים,,tbd,2,רוטב,153,124,שמן נייטרלי,8,כף,בקבוק,1000,0.008
20,שרימפס פריך ברוטב גריביש,,tbd,3,מיונז,265,124,שמן נייטרלי,120,גרם,בקבוק,1000,0.12
45,"טארט עגבניות, זיתים ודג כבוש",,tbd,2,אסקבש escabeche,612,202,שמן תירס,80,גרם,בקבוק,1000,0.08
43,טארט טאטן קלאסי,,tbd,2,הגשה,598,203,שמנת חמוצה,100,גרם,אריזה,100,1
7,ביצים מקושקשות,Oeufs Bruilles,tbd,1,מתכון,83,126,שמנת לבישול,80,גרם,אריזה,100,0.8
8,ביצים בנוסח פלורנטין,,tbd,1,מתכון,86,127,שמנת מתוקה,40,גרם,אריזה,100,0.4
26,"אנטריקוט צלוי, רוטב פלפל ותפוחי אדמה",,tbd,2,רוטב,376,127,שמנת מתוקה,50,גרם,אריזה,100,0.5
38,פחזניות עם קרם דיפלומט,,tbd,2,קרם דיפלומט,537,127,שמנת מתוקה,50,גרם,אריזה,100,0.5
14,קיש לוריין,Quiche Lorraine,tbd,3,מלית,184,127,שמנת מתוקה,170,גרם,אריזה,100,1.7
27,פנה קוטה עם פירות אדומים,,tbd,1,פנה קוטה,386,127,שמנת מתוקה,200,גרם,אריזה,100,2
36,פטוצ׳יני חציר וקש,,tbd,1,מתכון,518,127,שמנת מתוקה,300,גרם,אריזה,100,3
41,סופלה פרלינה עם רוטב קרמל מלוח,,tbd,2,רוטב,585,127,שמנת מתוקה,300,גרם,אריזה,100,3
47,ואשראן,,tbd,3,קצפת,668,127,שמנת מתוקה,500,גרם,אריזה,100,5
17,קרם ברולה,Creme Brulee,tbd,1,מתכון,219,127,שמנת מתוקה,750,גרם,אריזה,100,7.5
11,סלט ניסואז,Salade Nicoise,tbd,1,מתכון,129,128,שעועית ירוקה,5,יחידה,יחידה,1,5
6,ריבולטה,Ribollita,tbd,1,מתכון,78,129,שעועית לבנה מבושלת,250,גרם,אריזה,500,0.5
23,פוט או פה (סיר על האש),Pot au Feu,tbd,1,מתכון,318,130,שפונדרה עם עצם,1000,גרם,במשקל,1000,1
1,סלט בורגול ועשבים,טבולה,tbd,1,מתכון,12,131,שקדיים קלויים,30,גרם,אריזה,50,0.6
20,שרימפס פריך ברוטב גריביש,,tbd,1,מתכון,253,132,שרימפס,5,יחידה,יחידה,1,5
22,סלט שרימפס ופומלה,,tbd,2,סלט,301,133,שרימפס,12,יחידה,יחידה,1,12
2,רטטוי,Ratatouille,tbd,1,מתכון,24,134,תימין,1,גבעול,צרור,20,0.05
26,"אנטריקוט צלוי, רוטב פלפל ותפוחי אדמה",,tbd,1,מתכון,367,134,תימין,1,גבעול,צרור,20,0.05
26,"אנטריקוט צלוי, רוטב פלפל ותפוחי אדמה",,tbd,2,רוטב,373,134,תימין,1,גבעול,צרור,20,0.05
31,ריזוטו לבן עם פטריות,,tbd,2,פטריות,446,134,תימין,1,גבעול,צרור,20,0.05
4,מרק קרם שורשים,,tbd,1,מתכון,48,134,תימין,2,גבעול,צרור,20,0.1
9,"ביצה עלומה, האש בראון ובייקון בקרמל",,tbd,3,עגבניה צלוייה,113,134,תימין,2,גבעול,צרור,20,0.1
12,סלט ירוק עם ויניגרט עשבים,,tbd,2,רוטב,149,134,תימין,2,גבעול,צרור,20,0.1
40,ביף בורגיניון,,tbd,2,רוטב,559,134,תימין,2,גבעול,צרור,20,0.1
45,"טארט עגבניות, זיתים ודג כבוש",,tbd,1,קונקסה,606,134,תימין,2,גבעול,צרור,20,0.1
45,"טארט עגבניות, זיתים ודג כבוש",,tbd,2,אסקבש escabeche,617,134,תימין,2,גבעול,צרור,20,0.1
46,ביף וולינגטון,,tbd,4,רוטב,655,134,תימין,2,גבעול,צרור,20,0.1
3,ציר עוף 5.5 ליטר,Fond Blanc de Vollaille,tbd,1,מתכון,37,134,תימין,4,גבעול,צרור,20,0.2
19,ציר דגים 2.5 ליטר,Fumet de Possions,tbd,1,מתכון,246,134,תימין,4,גבעול,צרור,20,0.2
23,פוט או פה (סיר על האש),Pot au Feu,tbd,1,מתכון,327,134,תימין,4,גבעול,צרור,20,0.2
25,ציר בקר 6 ליטר,,tbd,1,מתכון,358,134,תימין,4,גבעול,צרור,20,0.2
15,טארט בורדלו,Tarte Bourdaloue,tbd,4,אגסים בסירופ,204,134,תמצית וניל,0.5,כפית,משחה,20,0.025
27,פנה קוטה עם פירות אדומים,,tbd,1,פנה קוטה,388,135,תמצית וניל,0.5,כפית,משחה,20,0.025
12,סלט ירוק עם ויניגרט עשבים,,tbd,1,מתכון,141,133,תערובת חסה ועלים,600,גרם,אריזה,600,1
11,סלט ניסואז,Salade Nicoise,tbd,1,מתכון,126,137,תפוח אדמה,1,יחידה,יחידה,1,1
18,פילה דניס עם ירקות בסגנון בויאבז,,tbd,2,ירקות,236,137,תפוח אדמה,1,יחידה,יחידה,1,1
24,פילה בקר בחוט,,tbd,1,מתכון,337,137,תפוח אדמה,1,יחידה,יחידה,1,1
26,"אנטריקוט צלוי, רוטב פלפל ותפוחי אדמה",,tbd,3,תפוח אדמה בפרסיאד,380,137,תפוח אדמה,1,יחידה,יחידה,1,1
28,עוף בקארי מאסמן,,tbd,1,מתכון,398,137,תפוח אדמה,2,יחידה,יחידה,1,2
9,"ביצה עלומה, האש בראון ובייקון בקרמל",,tbd,2,האש בראון,103,137,תפוח אדמה,3,יחידה,יחידה,1,3
23,פוט או פה (סיר על האש),Pot au Feu,tbd,1,מתכון,329,137,תפוח אדמה,6,יחידה,יחידה,1,6
35,כרבולות תרנגול בתפו״א ומנטה,,במתכון תפוח אדמה צלוי,3,מלית,505,137,תפוח אדמה,300,גרם,במשקל,1000,0.3
40,ביף בורגיניון,,tbd,3,פירה,566,137,תפוח אדמה,500,גרם,במשקל,1000,0.5
1,סלט בורגול ועשבים,טבולה,tbd,1,מתכון,5,138,תפוח עץ,1,יחידה,יחידה,1,1
48,טרין כבד אווז ועוף עם צ׳אטני תפוחים,,tbd,2,צ׳אטני,679,138,תפוח עץ,2,יחידה,יחידה,1,2
44,טארט תפוחים,,tbd,1,מתכון,601,138,תפוח עץ,3,יחידה,יחידה,1,3
43,טארט טאטן קלאסי,,tbd,1,מתכון,596,138,תפוח עץ,10,יחידה,יחידה,1,10
17,קרם ברולה,Creme Brulee,tbd,1,מתכון,223,139,תרמילי הל,7,יחידה,במשקל,7,1